Acanthisitta_chloris_rifleman/GCA_000695815.1_ASM69581v1_genomic	64714	87176	53875	84.8	12.6	2.2	0.4
Acanthochaenus_luetkenii_pricklefish/GCA_900312575.1_ASM90031257v1_genomic	8401	11613	91087	52.7	34.6	11.8	0.9
Acanthochromis_polyacanthus_spiny_chromis/GCA_002109545.1_ASM210954v1_genomic	358784	478773	30414	93.7	3.2	1.1	2.0
Acinonyx_jubatus_cheetah/GCA_001443585.1_aciJub1_genomic	3078015	3722716	14382	91.6	5.0	2.9	0.5
Acinonyx_jubatus_cheetah/GCA_003709585.1_Aci_jub_2_genomic	48.41e6	56.96e6	6438	8.7	2.4	3.0	85.9
Acridotheres_javanicus_Javan_myna/GCA_002849675.1_ASM284967v1_genomic	5671614	6978266	4312	96.4	1.6	1.5	0.5
Agapornis_roseicollis_peach-faced_lovebird/GCA_002631895.1_ASM263189v1_genomic	119989	164031	52900	91.0	6.8	1.5	0.7
Ageneiosus_marmoratus_bony_fishes/GCA_003347165.1_ASM334716v1_genomic	243363	491201	16063	69.5	18.2	10.1	2.2
Ailuropoda_melanoleuca_giant_panda/GCA_000004335.1_AilMel_1.0_genomic	1269633	1611594	81466	95.0	2.7	1.8	0.5
Ailuropoda_melanoleuca_giant_panda/GCA_002007445.1_ASM200744v1_genomic	9746668	11.43e6	57414	93.2	2.7	2.2	1.9
Ailurus_fulgens_styani_lesser_panda/GCA_002007465.1_ASM200746v1_genomic	2964629	3980988	11589	94.2	2.7	1.8	1.3
Alligator_mississippiensis_American_alligator/GCA_000281125.4_ASM28112v4_genomic	18.2e6	22.16e6	7093	96.1	2.2	1.0	0.7
Alligator_mississippiensis_American_alligator/GCA_001541155.1_Algmis_Hirise_1.0_genomic	18.2e6	22.16e6	7091	96.1	2.2	1.0	0.7
Alligator_mississippiensis_American_alligator/GCA_001541185.1_Algmis_1.0_genomic	80214	115972	54713	82.9	13.2	3.2	0.7
Alligator_sinensis_Chinese_alligator/GCA_000455745.1_ASM45574v1_genomic	2144983	2487118	9316	94.4	3.2	1.7	0.7
Amazona_aestiva_blue-fronted_amazon/GCA_001420675.1_ASM142067v1_genomic	1225613	1606407	3232	93.9	3.2	2.2	0.7
Amazona_vittata_Puerto_Rican_parrot/GCA_000332375.1_AV1_genomic	18327	25854	182974	60.8	27.5	10.2	1.5
Ambystoma_mexicanum_axolotl/GCA_002915635.2_ASM291563v2_genomic	1.225e9	1.028e9	98070	0.0	0.0	100.0	0.0
Ammotragus_lervia_aoudad/GCA_002201775.1_ALER1.0_genomic	1284828	1570993	77320	92.6	3.1	2.6	1.7
Amphilophus_citrinellus_Midas_cichlid/GCA_000751415.1_Midas_v5_genomic	1195793	1668012	6637	93.3	3.7	1.8	1.2
Amphiprion_ocellaris_clown_anemonefish/GCA_002776465.1_AmpOce1.0_genomic	401626	516599	6404	95.4	1.7	1.0	1.9
Amphiprion_percula_orange_clownfish/GCA_003047355.2_Nemo_v1.1_genomic	38.42e6	37.03e6	366	96.8	1.1	1.0	1.1
Anabarilius_grahami_bony_fishes/GCA_003731715.1_BGI_Agra_1.0_genomic	4437285	5809338	80398	93.3	2.7	0.9	3.1
Anabas_testudineus_climbing_perch/GCA_900302665.1_ASM90030266v1_genomic	50098	66767	23072	90.4	7.3	1.4	0.9
Anabas_testudineus_climbing_perch/GCA_900324465.1_fAnaTes1.1_genomic	25.91e6	30.05e6	69	96.9	0.9	0.6	1.6
Anas_platyrhynchos_mallard/GCA_000355885.1_BGI_duck_1.0_genomic	1230538	1501722	78487	92.6	4.9	2.1	0.4
Anas_platyrhynchos_mallard/GCA_002224895.1_ASM222489v1_genomic	2778828	3892793	18550	93.5	3.1	1.2	2.2
Anas_platyrhynchos_mallard/GCA_003850225.1_IASCAAS_PekingDuck_PBH1.5_genomic	76e6	91.75e6	2149	93.6	1.9	3.5	1.0
Anas_platyrhynchos_platyrhynchos_common_mallard/GCA_002743455.1_CAU_duck1.0_genomic	72.56e6	87.68e6	21240	93.6	4.4	1.7	0.3
Anas_zonorhyncha_Eastern_spot-billed_duck/GCA_002224875.1_ASM222487v1_genomic	2366427	3681905	20089	94.8	2.4	0.9	1.9
Anguilla_anguilla_European_eel/GCA_000695075.1_Anguilla_anguilla_v1_09_nov_10_genomic	83194	206834	501148	63.3	21.6	10.7	4.4
Anguilla_japonica_Japanese_eel/GCA_000470695.1_japanese_eel_genome_v1_25_oct_2011_japonica_c401b400k25m200_sspacepremiumk3a02n24_extra.final.scaffolds_genomic	57294	116743	323740	77.3	12.7	4.0	6.0
Anguilla_japonica_Japanese_eel/GCA_002723815.1_Ajaponica_ver_D2_genomic	488962	837718	195366	80.1	9.1	3.2	7.6
Anguilla_japonica_Japanese_eel/GCA_003597225.1_Ajp_01_genomic	34.46e6	32.88e6	83292	85.5	4.1	1.9	8.5
Anguilla_rostrata_American_eel/GCA_001606085.1_ASM160608v1_genomic	76977	115790	79209	73.5	9.4	3.9	13.2
Anolis_carolinensis_green_anole/GCA_000090745.2_AnoCar2.0_genomic	142.2e6	110.1e6	6457	88.0	5.6	5.6	0.8
Anoplopoma_fimbria_sablefish/GCA_000499045.1_AnoFim1.0_genomic	5156	6731	208506	45.2	38.6	7.8	8.4
Anser_brachyrhynchus_pink-footed_goose/GCA_002592135.1_ASM259213v1_genomic	4951359	6370379	2723	98.1	1.2	0.5	0.2
Anser_cygnoides_domesticus_swan_goose/GCA_000971095.1_AnsCyg_PRJNA183603_v1.0_genomic	5148690	6675317	7592	95.6	2.8	1.3	0.3
Anser_cygnoides_swan_goose/GCA_002166845.1_GooseV1.0_genomic	4921559	5676963	1801	97.7	1.1	0.8	0.4
Antennarius_striatus_striated_frogfish/GCA_900303275.1_ASM90030327v1_genomic	9743	13538	70398	66.0	22.7	10.4	0.9
Antrostomus_carolinensis_chuck-will's-widow/GCA_000700745.1_ASM70074v1_genomic	46500	63865	70122	71.0	21.6	7.2	0.2
Aotus_nancymaae_Ma's_night_monkey/GCA_000952055.2_Anan_2.0_genomic	8487048	10.45e6	28921	87.7	5.9	4.4	2.0
Apaloderma_vittatum_bar-tailed_trogon/GCA_000703405.1_ASM70340v1_genomic	56957	74783	54728	79.5	15.4	4.6	0.5
Apalone_spinifera_spiny_softshell_turtle/GCA_000385615.1_ASM38561v1_genomic	2314033	2939382	286620	36.5	24.4	38.8	0.3
Apodemus_speciosus_large_Japanese_field_mouse/GCA_002335545.1_Aspe_assembly01_genomic	24555	137592	336124	45.0	31.4	23.0	0.6
Apodemus_sylvaticus_European_woodmouse/GCA_001305905.1_ASM130590v1_genomic	168654	253488	559629	70.3	18.0	11.4	0.3
Aptenodytes_forsteri_emperor_penguin/GCA_000699145.1_ASM69914v1_genomic	4816047	6437556	10672	96.4	2.1	1.2	0.3
Apteryx_australis_mantelli_brown_kiwi/GCA_001039765.2_AptMant0_genomic	6554179	11.27e6	326828	93.2	3.3	2.7	0.8
Apteryx_haastii_Great_spotted_kiwi/GCA_003342985.1_aptHaa1_genomic	1358610	1996306	4183	97.3	1.6	0.8	0.3
Apteryx_owenii_little_spotted_kiwi/GCA_003342965.1_aptOwe1_genomic	1616289	2586182	5096	97.5	1.5	0.7	0.3
Apteryx_rowi_Okarito_brown_kiwi/GCA_003343035.1_aptRow1_genomic	1665059	2722199	4120	97.8	1.4	0.5	0.3
Aquila_chrysaetos_canadensis_golden_eagle/GCA_000696035.1_AquilaChrysaetos1_genomic	1330601	1725634	42881	94.9	3.6	1.2	0.3
Aquila_chrysaetos_canadensis_golden_eagle/GCA_000766835.1_Aquila_chrysaetos-1.0.2_genomic	9157533	10.81e6	1141	97.9	1.0	0.8	0.3
Aquila_chrysaetos_chrysaetos_golden_eagle/GCA_900496995.1_bAquChr1.1_genomic	44.95e6	49.17e6	204	97.6	1.0	0.5	0.9
Ara_macao_Scarlet_macaw/GCA_000400545.1_SMACv1.0_genomic	6376	8837	282947	39.9	37.1	22.8	0.2
Ara_macao_Scarlet_macaw/GCA_000400695.1_SMACv1.1_genomic	13492	18720	192790	44.9	35.2	19.7	0.2
Arapaima_gigas_arapaima/GCA_900497675.1_Agigas_genome_assembly_all_mixed_samples_genomic	667665	895557	5301	88.4	1.5	1.7	8.4
Arctocephalus_gazella_antarctic_fur_seal/GCA_900500725.1_ArcGazv1.4_genomic	6168110	7946546	6169	85.3	8.5	5.2	1.0
Arctogadus_glacialis_Arctic_cod/GCA_900303235.1_ASM90030323v1_genomic	3696	5069	139389	33.8	42.9	22.8	0.5
Astatotilapia_calliptera_eastern_happy/GCA_900246225.3_fAstCal1.2_genomic	38.67e6	39.06e6	248	95.2	1.3	1.6	1.9
Astyanax_mexicanus_Mexican_tetra/GCA_000372685.2_Astyanax_mexicanus-2.0_genomic	33.65e6	27.96e6	2415	92.3	2.4	2.3	3.0
Athene_cunicularia_burrowing_owl/GCA_003259725.1_athCun1_genomic	41.98e6	68.61e6	445	96.6	1.5	1.6	0.3
Austrofundulus_limnaeus_bony_fishes/GCA_001266775.1_Austrofundulus_limnaeus-1.0_genomic	1000130	1805833	29785	89.2	6.8	2.8	1.2
Axis_porcinus_Hog_deer/GCA_003798545.1_ASM379854v1_genomic	21.33e6	26.07e6	136093	93.0	2.4	1.9	2.7
Balaenoptera_acutorostrata_scammoni_minke_whale/GCA_000493695.1_BalAcu1.0_genomic	12.31e6	15.08e6	10775	93.5	2.9	1.6	2.0
Balaenoptera_bonaerensis_Antarctic_minke_whale/GCA_000978805.1_ASM97880v1_genomic	3416	4381	5054	0.0	0.2	99.8	0.0
Balearica_regulorum_gibbericeps_East_African_grey_crowned-crane/GCA_000709895.1_ASM70989v1_genomic	52247	69406	53490	82.4	13.8	3.4	0.4
Bambusicola_thoracicus_Chinese_bamboo-partridge/GCA_002909625.1_Bthov1.0_genomic	13213	19983	163748	56.2	33.3	9.8	0.7
Bathygadus_melanobranchus_Vaillant's_grenadier/GCA_900302375.1_ASM90030237v1_genomic	6467	8998	92290	51.0	33.1	15.1	0.8
Benthosema_glaciale_glacier_lanternfish/GCA_900323375.1_ASM90032337v1_genomic	6093	8280	143923	45.7	28.4	22.8	3.1
Beryx_splendens_splendid_alfonsino/GCA_900312565.1_ASM90031256v1_genomic	5974	8424	117400	48.5	35.5	15.5	0.5
Betta_splendens_Siamese_fighting_fish/GCA_003650155.1_ASM365015v1_genomic	18.44e6	19.45e6	12333	96.2	1.2	1.1	1.5
Bison_bison_bison_American_bison/GCA_000754665.1_Bison_UMD1.0_genomic	7581894	8956857	450181	90.3	4.8	3.4	1.5
Boleophthalmus_pectinirostris_great_blue-spotted_mudskipper/GCA_000788275.1_BP.fa_genomic	2476828	4152921	16619	92.2	4.3	1.6	1.9
Boreogadus_saida_bony_fishes/GCA_900302515.1_ASM90030251v1_genomic	3566	5029	137701	35.7	40.8	23.0	0.5
Borostomias_antarcticus_large-eye_snaggletooth/GCA_900323325.1_ASM90032332v1_genomic	5353	7507	104734	33.4	38.0	27.7	0.9
Bos_indicus_x_Bos_taurus_hybrid_cattle/GCA_003369685.2_Bos_hybrid_PaternalHap_v2.0_genomic	102.8e6	92.24e6	1435	93.1	2.5	2.5	1.9
Bos_indicus_x_Bos_taurus_hybrid_cattle/GCA_003369695.2_Bos_hybrid_MaternalHap_v2.0_genomic	104.5e6	96.67e6	1251	91.2	3.8	3.0	2.0
Bos_indicus_zebu_cattle/GCA_000247795.2_Bos_indicus_1.0_genomic	100e6	91.38e6	31	88.4	3.9	5.8	1.9
Bos_indicus_zebu_cattle/GCA_002933975.1_ASM293397v1_genomic	104.3e6	97.46e6	216409	90.7	3.9	3.6	1.8
Bos_mutus_wild_yak/GCA_000298355.1_BosGru_v2.0_genomic	1353326	1649298	41191	92.3	3.9	2.7	1.1
Bos_taurus_cattle/GCA_000003055.5_Bos_taurus_UMD_3.1.1_genomic	105e6	98.9e6	3143	92.6	3.2	2.4	1.8
Bos_taurus_cattle/GCA_000003205.6_Btau_5.0.1_genomic	106e6	98.99e6	3143	92.7	3.3	2.2	1.8
Bos_taurus_cattle/GCA_002263795.2_ARS-UCD1.2_genomic	103.3e6	95.49e6	2211	93.5	2.6	1.9	2.0
Bregmaceros_cantori_striped_codlet/GCA_900302395.1_ASM90030239v1_genomic	7503	9014	888	0.2	0.2	99.6	0.0
Brosme_brosme_tusk/GCA_900302425.1_ASM90030242v1_genomic	4637	6521	114910	49.8	34.9	14.6	0.7
Brotula_barbata_bearded_brotula/GCA_900303265.1_ASM90030326v1_genomic	45713	70019	29854	89.1	7.5	2.2	1.2
Bubalus_bubalis_water_buffalo/GCA_000180995.3_Bubalus_bubalis_Jaffrabadi_v3.0_genomic	735549	637700	24	0.7	0.0	99.3	0.0
Bubalus_bubalis_water_buffalo/GCA_000471725.1_UMD_CASPUR_WB_2.0_genomic	1418989	1850106	366982	92.3	3.4	2.7	1.6
Bubalus_bubalis_water_buffalo/GCA_002993835.1_ASM299383v1_genomic	3315896	4211394	99165	35.6	30.9	33.3	0.2
Bubalus_bubalis_water_buffalo/GCA_003121395.1_UOA_WB_1_genomic	117.2e6	120.4e6	509	93.7	2.7	2.2	1.4
Buceros_rhinoceros_silvestris_Rhinoceros_hornbill/GCA_000710305.1_ASM71030v1_genomic	53291	68930	62257	80.6	14.2	4.9	0.3
Calidris_pugnax_ruff/GCA_001431845.1_ASM143184v1_genomic	9966675	13.67e6	3753	96.8	1.5	0.6	1.1
Calidris_pugnax_ruff/GCA_001458055.1_ruff_EG1_genomic	881302	1704535	47740	94.5	3.6	1.2	0.7
Calidris_pygmaea_Spoon-billed_sandpiper/GCA_003697955.1_ASM369795v1_genomic	3138373	4547222	29819	95.6	2.7	1.1	0.6
Callipepla_squamata_scaled_quail/GCA_002218305.1_ASM221830v1_genomic	1070263	1370350	34302	96.8	1.4	1.1	0.7
Callithrix_jacchus_white-tufted-ear_marmoset/GCA_000004665.1_Callithrix_jacchus-3.2_genomic	124.9e6	127e6	14205	89.4	4.4	3.8	2.4
Callithrix_jacchus_white-tufted-ear_marmoset/GCA_000832365.1_ASM83236v1_genomic	965	1137	1992178	1.5	11.5	87.0	0.0
Callithrix_jacchus_white-tufted-ear_marmoset/GCA_001269965.1_CIEA01_genomic	61058	83213	109198	59.7	25.7	12.9	1.7
Callithrix_jacchus_white-tufted-ear_marmoset/GCA_002754865.1_ASM275486v1_genomic	128.7e6	127.7e6	39944	90.9	3.4	3.0	2.7
Callorhinchus_milii_elephant_shark/GCA_000165045.2_Callorhinchus_milii-6.1.3_genomic	4404807	5783061	21203	91.5	3.8	3.3	1.4
Callorhinus_ursinus_northern_fur_seal/GCA_003265705.1_ASM326570v1_genomic	31.04e6	41.66e6	14229	82.0	2.4	2.4	13.2
Calypte_anna_Anna's_hummingbird/GCA_000699085.1_ASM69908v1_genomic	3958028	4920963	54736	94.1	3.6	1.9	0.4
Calypte_anna_Anna's_hummingbird/GCA_002021895.1_Canna_diploid_1.0_genomic	2049416	4195087	5971	32.1	2.5	2.5	62.9
Camelus_bactrianus_Bactrian_camel/GCA_000604445.1_CB1_genomic	2755	3596	781462	4.7	26.3	68.9	0.1
Camelus_bactrianus_Bactrian_camel/GCA_000767855.1_Ca_bactrianus_MBC_1.0_genomic	8738935	10.69e6	35454	95.2	2.6	1.3	0.9
Camelus_dromedarius_Arabian_camel/GCA_000767585.1_PRJNA234474_Ca_dromedarius_V1.0_genomic	4173546	5558822	32572	94.8	3.1	1.5	0.6
Camelus_dromedarius_Arabian_camel/GCA_000803125.1_Cdrom64K_genomic	1491516	1940148	35752	94.5	3.1	1.4	1.0
Camelus_dromedarius_Arabian_camel/GCA_001640815.1_ASM164081v1_genomic	31859	39794	207871	67.2	24.4	7.3	1.1
Camelus_ferus_Wild_Bactrian_camel/GCA_000311805.2_CB1_genomic	2000302	2708585	13333	93.6	2.9	1.6	1.9
Canis_lupus_dingo_dingo/GCA_003254725.1_ASM325472v1_genomic	34.36e6	41.73e6	2444	93.9	2.6	2.2	1.3
Canis_lupus_familiaris_dog/GCA_000002285.2_CanFam3.1_genomic	62.98e6	66.27e6	3267	94.0	2.3	2.2	1.5
Canis_lupus_familiaris_dog/GCA_000181415.1_ASM18141v1_genomic	1524	1987	1089636	5.1	23.1	71.7	0.1
Canis_lupus_familiaris_dog/GCA_000331495.1_Beagle_genomic	21924	28017	221474	42.8	39.3	17.3	0.6
Capra_aegagrus_wild_goat/GCA_000765075.1_Caeg1_genomic	1706072	2298289	6616	94.1	2.4	2.0	1.5
Capra_aegagrus_wild_goat/GCA_000978405.1_CapAeg_1.0_genomic	86.91e6	82.5e6	89498	89.8	5.8	2.9	1.5
Capra_hircus_goat/GCA_000317765.2_CHIR_2.0_genomic	93.48e6	94.24e6	102895	90.1	4.8	2.9	2.2
Capra_hircus_goat/GCA_001704415.1_ARS1_genomic	87.28e6	82.99e6	29906	93.9	2.6	2.0	1.5
Capra_sibirica_Siberian_ibex/GCA_003182615.2_ASM318261v2_genomic	15.15e6	18.07e6	85609	93.7	2.4	2.0	1.9
Capreolus_capreolus_Western_roe_deer/GCA_000751575.1_kmer631_genomic	12928	17424	3088511	47.6	31.6	19.7	1.1
Carapus_acus_pearlfish/GCA_900312935.1_ASM90031293v1_genomic	16897	27463	46699	70.6	20.3	7.7	1.4
Carassius_auratus_goldfish/GCA_003368295.1_ASM336829v1_genomic	22.76e6	18.4e6	6216	41.3	1.0	1.3	56.4
Cariama_cristata_Red-legged_seriema/GCA_000690535.1_ASM69053v1_genomic	55298	71793	53474	81.3	14.7	3.7	0.3
Carlito_syrichta_Philippine_tarsier/GCA_000164805.2_Tarsius_syrichta-2.0.1_genomic	404612	521699	337188	88.8	5.6	3.3	2.3
Castor_canadensis_American_beaver/GCA_001984765.1_C.can_genome_v1.0_genomic	317508	477492	21157	86.9	7.4	4.2	1.5
Castor_canadensis_American_beaver/GCA_900168385.1_bgp_v1_genomic	206376	334590	629174	73.7	14.9	10.4	1.0
Casuarius_casuarius_southern_cassowary/GCA_003342895.1_casCas1_genomic	3698567	4637586	3184	97.3	1.5	0.8	0.4
Cathartes_aura_turkey_vulture/GCA_000699945.1_ASM69994v1_genomic	43572	51428	1149	1.1	0.3	98.6	0.0
Cavia_aperea_Brazilian_guinea_pig/GCA_000688575.1_CavAp1.0_genomic	19.8e6	22.91e6	3131	66.3	15.7	17.5	0.5
Cavia_porcellus_domestic_guinea_pig/GCA_000151735.1_Cavpor3.0_genomic	27.41e6	33.02e6	3143	89.4	5.1	4.5	1.0
Cebus_capucinus_imitator_white-faced_sapajou/GCA_001604975.1_Cebus_imitator-1.0_genomic	5132503	6357921	7156	91.5	3.8	2.6	2.1
Ceratotherium_simum_simum_southern_white_rhinoceros/GCA_000283155.1_CerSimSim1.0_genomic	25.62e6	30.1e6	3086	95.5	2.0	1.6	0.9
Cercocebus_atys_sooty_mangabey/GCA_000955945.1_Caty_1.0_genomic	12.71e6	15.6e6	11433	92.7	3.0	2.4	1.9
Cervus_elaphus_hippelaphus_red_deer/GCA_002197005.1_CerEla1.0_genomic	61.63e6	62.67e6	11479	78.0	12.5	8.6	0.9
Chaenocephalus_aceratus_blackfin_icefish/GCA_900302675.1_ASM90030267v1_genomic	7311	9996	114963	50.1	37.5	11.7	0.7
Chaetura_pelagica_chimney_swift/GCA_000747805.1_ChaPel_1.0_genomic	142934	199278	137	0.7	0.1	99.2	0.0
Charadrius_vociferus_killdeer/GCA_000708025.2_ASM70802v2_genomic	3660936	4604822	15167	96.4	2.0	1.0	0.6
Chatrabus_melanurus_pony_toadfish/GCA_900302635.1_ASM90030263v1_genomic	5908	7398	238795	29.3	46.3	23.9	0.5
Chelonia_mydas_Green_sea_turtle/GCA_000344595.1_CheMyd_1.0_genomic	3853868	5045871	140022	93.9	3.8	1.5	0.8
Chelonoidis_abingdonii_Abingdon_island_giant_tortoise/GCA_003597395.1_ASM359739v1_genomic	1227716	1651946	10623	94.7	3.3	1.3	0.7
Chiloscyllium_punctatum_brownbanded_bambooshark/GCA_003427335.1_Cpunctatum_v1.0_genomic	1810080	2762536	280241	84.8	7.7	5.7	1.8
Chinchilla_lanigera_long-tailed_chinchilla/GCA_000276665.1_ChiLan1.0_genomic	20.96e6	22.99e6	2838	94.6	2.6	2.1	0.7
Chlamydotis_macqueenii_Macqueen's_bustard/GCA_000695195.1_ASM69519v1_genomic	45302	60047	59693	74.2	19.3	6.2	0.3
Chlamydotis_undulata_undulata_Houbara_bustard/GCA_003400225.1_REN_Cundu_1.0_genomic	64315	3386431	80662	79.9	16.4	3.3	0.4
Chlorocebus_sabaeus_green_monkey/GCA_000409795.2_Chlorocebus_sabeus_1.1_genomic	99.94e6	100.4e6	2003	93.0	2.8	2.6	1.6
Choloepus_hoffmanni_Hoffmann's_two-fingered_sloth/GCA_000164785.2_C_hoffmanni-2.0.1_genomic	367490	485281	269084	75.3	11.2	10.2	3.3
Chromis_chromis_damselfish/GCA_900302755.1_ASM90030275v1_genomic	15423	20645	27244	19.1	11.4	68.8	0.7
Chrysemys_picta_bellii_western_painted_turtle/GCA_000241765.2_Chrysemys_picta_bellii-3.0.3_genomic	6661484	15.59e6	78594	95.3	2.6	1.4	0.7
Chrysochloris_asiatica_Cape_golden_mole/GCA_000296735.1_ChrAsi1.0_genomic	11.91e6	15.33e6	20499	86.8	5.2	6.4	1.6
Chrysolophus_pictus_golden_pheasant/GCA_003413605.1_Chrysolophus_pictus_GenomeV1.0_genomic	1586394	2290151	14294	95.6	2.7	1.2	0.5
Cicinnurus_regius_king_bird_of_paradise/GCA_003713305.1_CicReg_1.0_genomic	3222945	4628572	4390	97.4	1.5	0.8	0.3
Ciconia_boyciana_Oriental_stork/GCA_002002965.1_Ciconia_boyciana_ver1.0_genomic	14445	20842	505419	44.2	37.1	17.7	1.0
Clupea_harengus_Atlantic_herring/GCA_000966335.1_ASM96633v1_genomic	1770250	2514231	6914	93.1	2.3	1.4	3.2
Clupea_harengus_Atlantic_herring/GCA_900323705.1_C.harengus_genomic	1881092	2634425	2438	93.2	2.3	1.5	3.0
Colinus_virginianus_northern_bobwhite/GCA_000599465.2_ASM59946v2_genomic	2544914	3000510	42369	94.8	2.9	1.6	0.7
Colinus_virginianus_northern_bobwhite/GCA_000599485.1_NB1.0_genomic	6575	10398	374224	34.8	40.4	24.5	0.3
Colius_striatus_speckled_mousebird/GCA_000690715.1_ASM69071v1_genomic	46309	64373	70188	76.5	18.6	4.6	0.3
Colobus_angolensis_palliatus_Angolan_colobus/GCA_000951035.1_Cang.pa_1.0_genomic	7437573	9023066	13124	91.0	3.8	3.1	2.1
Columba_livia_rock_pigeon/GCA_000337935.2_Cliv_2.1_genomic	14.3e6	28.81e6	15057	96.2	2.7	0.9	0.2
Columba_livia_rock_pigeon/GCA_001887795.1_colLiv2_genomic	64.23e6	84.26e6	60	91.2	2.2	6.2	0.4
Condylura_cristata_star-nosed_mole/GCA_000260355.1_ConCri1.0_genomic	53.57e6	49.79e6	2040	91.1	4.4	4.1	0.4
Corvus_brachyrhynchos_American_crow/GCA_000691975.1_ASM69197v1_genomic	7143753	8099224	10547	94.0	3.6	1.7	0.7
Corvus_cornix_cornix_hooded_crow/GCA_000738735.2_ASM73873v2_genomic	20.61e6	26.06e6	112	95.2	2.5	1.8	0.5
Corvus_cornix_cornix_hooded_crow/GCA_002023255.2_ASM202325v2_genomic	18.27e6	20.91e6	145	92.6	4.7	2.1	0.6
Corvus_hawaiiensis_hawaiian_crow/GCA_003402825.1_Coha_1.0_genomic	4530643	6896429	2752	64.8	2.0	1.3	31.9
Coryphaenoides_rupestris_roundnose_grenadier/GCA_002895965.1_ASM289596v1_genomic	159329	278300	47680	79.4	11.4	5.7	3.5
Cottus_rhenanus_bony_fishes/GCA_001455555.1_ASM145555v1_genomic	6912	9726	164693	54.7	34.3	10.4	0.6
Coturnix_japonica_Japanese_quail/GCA_000511605.2_Coja_2.0a_genomic	3802046	4781221	9499	96.6	1.6	1.5	0.3
Coturnix_japonica_Japanese_quail/GCA_001577835.1_Coturnix_japonica_2.0_genomic	81.91e6	85.11e6	2011	97.8	0.8	0.9	0.5
Cricetulus_griseus_Chinese_hamster/GCA_000223135.1_CriGri_1.0_genomic	1172056	1597663	109151	92.2	4.1	2.5	1.2
Cricetulus_griseus_Chinese_hamster/GCA_000419365.1_C_griseus_v1.0_genomic	1557964	1916681	52710	90.9	4.8	3.1	1.2
Cricetulus_griseus_Chinese_hamster/GCA_000448345.1_Cgr1.0_genomic	1175614	1787341	28749	90.3	5.5	3.2	1.0
Cricetulus_griseus_Chinese_hamster/GCA_003668045.1_CriGri-PICR_genomic	19.56e6	27.21e6	1831	94.9	2.0	1.6	1.5
Cricetulus_griseus_Chinese_hamster/GCA_900186095.1_CHOK1S_HZDv1_genomic	61.17e6	78.36e6	8264	94.5	2.4	1.9	1.2
Crocodylus_porosus_Australian_saltwater_crocodile/GCA_000768395.1_Cpor_2.0_genomic	202716	277519	23365	91.1	6.1	1.8	1.0
Crocodylus_porosus_Australian_saltwater_crocodile/GCA_001723895.1_CroPor_comp1_genomic	78.69e6	106.6e6	69	94.1	2.1	3.2	0.6
Crotalus_horridus_timber_rattlesnake/GCA_001625485.1_ASM162548v1_genomic	22490	32639	186068	64.0	24.4	10.7	0.9
Crotalus_pyrrhus_snakes/GCA_000737285.1_CrotMitch1.0_genomic	5564	7622	473380	28.4	37.0	34.5	0.1
Crotalus_viridis_viridis_prairie_rattlesnake/GCA_003400415.1_CroVir2.0_genomic	135166	188101	47782	85.1	8.3	5.9	0.7
Crypturellus_cinnamomeus_birds/GCA_003342915.1_cryCin1_genomic	2421270	3204313	8086	97.1	1.5	1.2	0.2
Cuculus_canorus_common_cuckoo/GCA_000709325.1_ASM70932v1_genomic	2937787	3648819	14930	96.4	2.0	1.1	0.5
Cuora_mccordi_McCord's_box_turtle/GCA_003846335.1_ASM384633v1_genomic	32.58e6	38.78e6	100020	89.7	4.7	3.2	2.4
Cyanistes_caeruleus_blue_tit/GCA_002901205.1_cyaCae2_genomic	15.96e6	17.99e6	29297	96.3	2.3	0.8	0.6
Cynoglossus_semilaevis_tongue_sole/GCA_000523025.1_Cse_v1.0_genomic	19.13e6	19.61e6	29642	95.6	1.6	1.3	1.5
Cyprinodon_nevadensis_pectoralis_Amargosa_pupfish/GCA_000776015.1_ASM77601v1_genomic	75700	101310	96516	70.8	21.2	7.4	0.6
Cyprinodon_variegatus_sheepshead_minnow/GCA_000732505.1_C_variegatus-1.0_genomic	791610	959233	9258	93.4	3.3	1.4	1.9
Cyprinus_carpio_common_carp/GCA_000951615.2_common_carp_genome_genomic	7674350	9968759	9377	62.0	11.2	5.4	21.4
Cyprinus_carpio_common_carp/GCA_001270105.1_ASM127010v1_genomic	66950	90152	80028	50.7	5.7	1.8	41.8
Cyttopsis_rosea_rosy_dory/GCA_900302355.1_ASM90030235v1_genomic	7060	9326	111974	57.1	32.1	10.1	0.7
Danionella_dracula_bony_fishes/GCA_900490495.1_fDanDra1.1_genomic	10.29e6	12.44e6	996	88.7	3.0	5.2	3.1
Danio_rerio_zebrafish/GCA_000002035.4_GRCz11_genomic	52.12e6	44.43e6	1922	75.2	2.6	1.6	20.6
Danio_rerio_zebrafish/GCA_000767325.1_WGS31_genomic	609238	813740	32031	89.8	5.3	2.1	2.8
Danio_rerio_zebrafish/GCA_001483285.1_CG2v1.0_genomic	33451	46105	73493	68.8	24.4	5.2	1.6
Danio_rerio_zebrafish/GCA_001487895.1_Zebrafish_Genome_Assembly_WGS32_genomic	3083507	4563082	64482	88.2	5.8	2.8	3.2
Dasypus_novemcinctus_nine-banded_armadillo/GCA_000208655.2_Dasnov3.0_genomic	1551037	1999319	12320	18.7	4.1	76.8	0.4
Daubentonia_madagascariensis_aye-aye/GCA_000241425.1_DauMad_1.0_genomic	5376	7017	3231305	11.9	40.6	47.2	0.3
Delphinapterus_leucas_beluga_whale/GCA_002288925.2_ASM228892v2_genomic	19.59e6	27.88e6	6971	93.2	2.7	2.4	1.7
Desmodus_rotundus_common_vampire_bat/GCA_002940915.2_ASM294091v2_genomic	26.19e6	29.19e6	29800	94.3	2.4	2.4	0.9
Dicentrarchus_labrax_European_seabass/GCA_000689215.1_seabass_V1.0_genomic	26.3e6	34.44e6	25	91.3	4.1	3.4	1.2
Dicerorhinus_sumatrensis_sumatrensis_Sumatran_rhinoceros/GCA_002844835.1_ASM284483v1_genomic	688146	910265	1061589	92.8	4.3	2.2	0.7
Diphyllodes_magnificus_birds/GCA_003713285.1_DipMag_1.0_genomic	6615685	8153623	3098	97.1	1.8	0.7	0.4
Dipodomys_ordii_Ord's_kangaroo_rat/GCA_000151885.2_Dord_2.0_genomic	11.32e6	14.32e6	65193	89.2	6.5	3.3	1.0
Dromaius_novaehollandiae_emu/GCA_003342905.1_droNov1_genomic	3317187	3786807	2777	97.5	1.4	0.7	0.4
Echinops_telfairi_small_Madagascar_hedgehog/GCA_000313985.1_EchTel2.0_genomic	41.78e6	42.52e6	8401	88.3	5.4	4.5	1.8
Egretta_garzetta_little_egret/GCA_000687185.1_ASM68718v1_genomic	3049666	3850749	11790	95.7	2.5	1.5	0.3
Eidolon_helvum_straw-colored_fruit_bat/GCA_000465285.1_ASM46528v1_genomic	27650	36402	133538	63.4	24.6	11.7	0.3
Elaphurus_davidianus_Pere_David's_deer/GCA_002443075.1_Milu1.0_genomic	2818866	3647846	194812	90.8	4.5	2.7	2.0
Electrophorus_electricus_electric_eel/GCA_003665695.2_Ee_SOAP_WITH_SSPACE_genomic	630090	847456	8786	91.9	4.1	1.8	2.2
Elephantulus_edwardii_Cape_elephant_shrew/GCA_000299155.1_EleEdw1.0_genomic	13.07e6	14.8e6	8768	84.5	5.6	5.5	4.4
Ellobius_lutescens_Transcaucasian_mole_vole/GCA_001685075.1_ASM168507v1_genomic	236880	321399	58423	88.9	6.7	3.2	1.2
Ellobius_lutescens_Transcaucasian_mole_vole/GCA_001685115.1_ASM168511v1_genomic	13356	17115	413500	46.8	35.5	17.2	0.5
Ellobius_talpinus_Northern_mole_vole/GCA_001685095.1_ETalpinus_0.1_genomic	15367	19977	350460	53.7	31.9	13.7	0.7
Empidonax_traillii_willow_flycatcher/GCA_003031625.1_ASM303162v1_genomic	916884	1339852	7791	96.5	1.9	0.7	0.9
Enhydra_lutris_kenyoni_sea_otter/GCA_002288905.2_ASM228890v2_genomic	38.45e6	43.23e6	6770	94.8	2.2	1.6	1.4
Eonycteris_spelaea_lesser_dawn_bat/GCA_003508835.1_Espe.v1_genomic	8002591	9727756	4469	89.6	6.5	3.1	0.8
Eopsaltria_australis_eastern_yellow_robin/GCA_003426825.1_eyr_v1_genomic	990696	1486643	20702	94.4	1.6	1.1	2.9
Eptatretus_burgeri_inshore_hagfish/GCA_900186335.2_Eburgeri_3.2_genomic	1541237	1867030	10846	30.0	20.3	48.9	0.8
Eptesicus_fuscus_big_brown_bat/GCA_000308155.1_EptFus1.0_genomic	13.87e6	17.68e6	6789	93.2	3.7	1.7	1.4
Equus_asinus_asinus_ass/GCA_003033725.1_ASM303372v1_genomic	15.03e6	20.57e6	9021	95.6	2.2	1.6	0.6
Equus_asinus_ass/GCA_001305755.1_ASM130575v1_genomic	3732027	4625846	2166	95.7	2.2	1.3	0.8
Equus_caballus_horse/GCA_000002305.1_EquCab2.0_genomic	83.86e6	85.67e6	9636	94.5	2.8	1.7	1.0
Equus_caballus_horse/GCA_000696655.1_Ajinai1.0_genomic	56234	78142	119776	75.0	18.8	5.6	0.6
Equus_caballus_horse/GCA_002863925.1_EquCab3.0_genomic	87.15e6	88.02e6	4700	95.9	1.5	1.4	1.2
Equus_przewalskii_Przewalski's_horse/GCA_000696695.1_Burgud_genomic	513331	748359	53096	89.7	6.8	2.6	0.9
Erinaceus_europaeus_western_European_hedgehog/GCA_000181395.1_ASM18139v1_genomic	2754	5033	847680	10.7	32.8	56.2	0.3
Erinaceus_europaeus_western_European_hedgehog/GCA_000296755.1_EriEur2.0_genomic	2878258	3641700	5802	93.1	3.3	2.2	1.4
Erythrura_gouldiae_Gouldian_finch/GCA_003676055.1_GouldianFinch_genomic	17.67e6	25.18e6	18372	95.1	1.9	1.3	1.7
Eschrichtius_robustus_grey_whale/GCA_002189225.1_ASM218922v1_genomic	136948	207487	57203	84.6	9.2	4.4	1.8
Eschrichtius_robustus_grey_whale/GCA_002738545.1_EschrichtiusRobustus1.0_genomic	7942	9504	1213011	27.1	37.4	35.0	0.5
Esox_lucius_northern_pike/GCA_000721915.3_Eluc_V3_genomic	32.67e6	29.46e6	1018	94.4	1.7	1.3	2.6
Eudromia_elegans_elegant_crested-tinamou/GCA_003342815.1_eudEle1_genomic	3277526	4191140	2364	95.9	2.7	1.2	0.2
Eulemur_flavifrons_Sclater's_lemur/GCA_001262665.1_Eflavifronsk33QCA_genomic	411085	525127	38367	89.2	6.3	3.6	0.9
Eulemur_macaco_black_lemur/GCA_001262655.1_Emacaco_refEf_BWA_oneround_genomic	403751	518036	26772	92.5	4.6	1.9	1.0
Eurypyga_helias_sunbittern/GCA_000690775.1_ASM69077v1_genomic	47395	65203	62699	74.5	19.0	6.1	0.4
Falco_cherrug_Saker_falcon/GCA_000337975.1_F_cherrug_v1.0_genomic	4113590	5244810	5863	96.9	1.8	0.9	0.4
Falco_peregrinus_peregrine_falcon/GCA_000337955.1_F_peregrinus_v1.0_genomic	3918221	4804231	7020	97.3	1.6	0.8	0.3
Falco_peregrinus_peregrine_falcon/GCA_001887755.1_falPer2_genomic	88.2e6	78.66e6	34	94.0	1.4	4.3	0.3
Felis_catus_domestic_cat/GCA_000003115.1_catChrV17e_genomic	101.9e6	89.86e6	104053	67.1	15.0	17.2	0.7
Felis_catus_domestic_cat/GCA_000181335.4_Felis_catus_9.0_genomic	147.7e6	146.9e6	4507	95.2	2.2	2.0	0.6
Ficedula_albicollis_collared_flycatcher/GCA_000247815.2_FicAlb1.5_genomic	3993278	3993278	1	0.4	0.2	99.4	0.0
Fukomys_damarensis_Damara_mole-rat/GCA_000743615.1_DMR_v1.0_genomic	5283418	6538325	74730	92.1	2.8	4.3	0.8
Fulmarus_glacialis_Northern_fulmar/GCA_000690835.1_ASM69083v1_genomic	47341	61596	57389	80.4	15.5	3.7	0.4
Fundulus_heteroclitus_mummichog/GCA_000826765.1_Fundulus_heteroclitus-3.0.2_genomic	1229622	1575986	10179	93.7	3.0	1.9	1.4
Gadiculus_argenteus_silvery_cod/GCA_900302595.1_ASM90030259v1_genomic	3942	5660	123363	35.0	38.9	25.6	0.5
Gadus_chalcogrammus_walleye_pollock/GCA_900302575.1_ASM90030257v1_genomic	4324	6081	130159	41.3	39.8	18.5	0.4
Gadus_morhua_Atlantic_cod/GCA_000231765.1_GadMor_May2010_genomic	258723	552524	427427	60.6	27.5	11.0	0.9
Gadus_morhua_Atlantic_cod/GCA_900302565.1_ASM90030256v1_genomic	16748	24909	52137	67.0	23.4	8.8	0.8
Galeopterus_variegatus_Sunda_flying_lemur/GCA_000696425.1_G_variegatus-3.0.2_genomic	1448516	1551292	83	5.9	1.2	92.8	0.1
Gallirallus_okinawae_Okinawa_rail/GCA_002003005.1_Gallirallus_okinawae_ver1.0_genomic	6738	9192	768680	37.4	41.9	20.5	0.2
Gallus_gallus_chicken/GCA_000002315.5_GRCg6a_genomic	90.81e6	93.6e6	463	95.8	2.0	1.6	0.6
Gallus_gallus_chicken/GCA_002798355.1_Ogye1.0_genomic	89.85e6	94.65e6	1822	97.8	0.6	1.1	0.5
Gambusia_affinis_western_mosquitofish/GCA_003097735.1_ASM309773v1_genomic	7229615	8216348	2943	94.4	3.5	1.3	0.8
Gasterosteus_aculeatus_three-spined_stickleback/GCA_000180675.1_ASM18067v1_genomic	83204	115195	16957	91.8	5.3	1.8	1.1
Gavialis_gangeticus_Gharial/GCA_000775435.1_ggan_v0.2_genomic	98945	125864	47351	85.2	11.5	2.8	0.5
Gavialis_gangeticus_Gharial/GCA_001723915.1_GavGan_comp1_genomic	72.01e6	85.84e6	80	91.7	3.4	4.4	0.5
Gavia_stellata_red-throated_loon/GCA_000690875.1_ASM69087v1_genomic	45680	61382	61830	77.6	17.4	4.6	0.4
Gekko_japonicus_lizards/GCA_001447785.1_Gekko_japonicus_V1.1_genomic	705817	941290	191499	89.8	6.4	2.8	1.0
Geospiza_fortis_medium_ground-finch/GCA_000277835.1_GeoFor_1.0_genomic	5206535	7659606	27239	96.4	1.9	1.3	0.4
Giraffa_tippelskirchi_even-toed_ungulates/GCA_001651235.1_ASM165123v1_genomic	223835	301328	513177	86.7	7.5	4.2	1.6
Gopherus_agassizii_Agassiz's_desert_tortoise/GCA_002896415.1_ASM289641v1_genomic	229552	294503	172559	88.3	6.5	4.2	1.0
Gorilla_gorilla_gorilla_western_lowland_gorilla/GCA_000151905.3_gorGor4_genomic	140e6	131.2e6	40711	90.5	4.6	3.5	1.4
Gorilla_gorilla_gorilla_western_lowland_gorilla/GCA_900006655.3_Susie3_genomic	129.3e6	123.8e6	15297	92.1	3.6	3.1	1.2
Grus_japonensis_Red-crowned_crane/GCA_002002985.1_Grus_japonensis_ver1.0_genomic	8874	12331	357545	45.0	36.1	18.2	0.7
Guentherus_altivela_highfin_tadpole_fish/GCA_900312595.1_ASM90031259v1_genomic	3200	3768	189411	10.1	38.5	51.2	0.2
Gulo_gulo_wolverine/GCA_900006375.2_Gulo_2.2_annotated_genomic	165881	217523	47417	88.5	8.3	2.7	0.5
Haliaeetus_albicilla_white-tailed_eagle/GCA_000691405.1_ASM69140v1_genomic	57397	74189	50905	81.4	13.8	4.5	0.3
Haliaeetus_leucocephalus_bald_eagle/GCA_000737465.1_Haliaeetus_leucocephalus-4.0_genomic	9066220	10.59e6	1023	97.5	1.1	1.0	0.4
Haplochromis_burtoni_Burton's_mouthbrooder/GCA_000239415.1_AstBur1.0_genomic	1190224	1626381	8001	92.9	3.8	1.9	1.4
Helostoma_temminkii_kissing_gourami/GCA_900302695.1_ASM90030269v1_genomic	71662	93400	21407	91.7	6.0	1.2	1.1
Hemignathus_virens_Hawaii_amakihi/GCA_003286495.1_ASM328649v1_genomic	66.33e6	70.18e6	19546	95.5	2.7	1.3	0.5
Heterocephalus_glaber_naked_mole-rat/GCA_000230445.1_HetGla_1.0_genomic	1494843	1784809	39267	85.8	6.5	4.8	2.9
Heterocephalus_glaber_naked_mole-rat/GCA_000247695.1_HetGla_female_1.0_genomic	19.01e6	20.24e6	4228	87.9	5.4	4.1	2.6
Hippocampus_comes_tiger_tail_seahorse/GCA_001891065.1_H_comes_QL1_v1_genomic	2068299	2818930	37376	93.5	2.7	2.3	1.5
Hippopotamus_amphibius_hippopotamus/GCA_002995585.1_ASM299558v1_genomic	107327	145037	128772	79.1	12.8	6.2	1.9
Hipposideros_armiger_great_roundleaf_bat/GCA_001890085.1_ASM189008v1_genomic	2099397	2730613	7570	89.5	5.4	3.8	1.3
Hirundo_rustica_rustica_Barn_swallow/GCA_003692655.1_Chelidonia_genomic	30.88e6	39.27e6	364	96.6	1.3	0.7	1.4
Holocentrus_rufus_longspine_squirrelfish/GCA_900302615.1_ASM90030261v1_genomic	21323	31550	58113	79.4	15.9	3.2	1.5
Homo_sapiens_human/GCA_000001405.27_GRCh38.p12_genomic	144.8e6	143.2e6	595	90.2	2.9	3.0	3.9
Homo_sapiens_human/GCA_000002115.2_WGSA_genomic	136.9e6	138.8e6	4558	90.8	4.4	3.7	1.1
Homo_sapiens_human/GCA_000002125.2_HuRef_genomic	140.7e6	144e6	3134	93.0	3.2	2.8	1.0
Homo_sapiens_human/GCA_000004845.2_YH_2.0_genomic	21.39e6	26.59e6	125643	92.7	2.7	3.3	1.3
Homo_sapiens_human/GCA_000005465.1_BGIAF_genomic	54610	76446	314786	51.5	27.7	20.5	0.3
Homo_sapiens_human/GCA_000185165.1_HsapALLPATHS1_genomic	11.54e6	14.37e6	11393	91.4	3.8	3.7	1.1
Homo_sapiens_human/GCA_000212995.1_HuRefPrime_genomic	135.2e6	134.9e6	186247	93.1	2.9	3.0	1.0
Homo_sapiens_human/GCA_000252825.1_HuRef_diploid_genomic	135.2e6	134.9e6	372494	11.7	4.1	4.9	79.3
Homo_sapiens_human/GCA_000306695.2_CHM1_1.1_genomic	149.7e6	149.2e6	24	90.0	4.4	4.5	1.1
Homo_sapiens_human/GCA_000365445.1_CSA_genomic	130.3e6	131.9e6	11842	82.4	8.0	8.4	1.2
Homo_sapiens_human/GCA_000772585.3_ASM77258v3_genomic	3945491	7174058	40916	92.3	3.5	2.9	1.3
Homo_sapiens_human/GCA_000983455.2_CHM13_Draft_Assembly_genomic	10.55e6	12.93e6	4961	93.2	2.8	2.6	1.4
Homo_sapiens_human/GCA_000983465.1_CHM13_Default_5_Error_genomic	13.33e6	19.33e6	15538	93.2	2.9	2.6	1.3
Homo_sapiens_human/GCA_000983475.1_CHM13_CA_Conservative_2.5_Error_genomic	5550336	7563291	10430	92.8	3.0	2.8	1.4
Homo_sapiens_human/GCA_001007805.1_PacBioCHM1_r1_02092014_genomic	4498608	8314529	26312	92.2	3.1	3.3	1.4
Homo_sapiens_human/GCA_001013985.1_ASM101398v1_genomic	25.41e6	27.78e6	18903	86.9	7.9	3.7	1.5
Homo_sapiens_human/GCA_001015355.1_CHM13_CA_Sensitive_5_Error_genomic	19.36e6	24.32e6	11138	93.2	2.7	2.7	1.4
Homo_sapiens_human/GCA_001015385.3_CHM13_CA_Sensitive_2.5_Error_genomic	12.25e6	15.78e6	12091	89.8	4.7	4.1	1.4
Homo_sapiens_human/GCA_001292825.2_HS1011_v1.1_genomic	142.2e6	134.9e6	6505	92.0	3.7	3.1	1.2
Homo_sapiens_human/GCA_001297185.2_PacBioCHM1_r2_GenBank_08152018_genomic	26.55e6	35.95e6	3709	89.9	4.4	4.2	1.5
Homo_sapiens_human/GCA_001307015.1_CA_P5_P6_CHM1_Assembly_Conservative_2.5_Error_genomic	26.16e6	33.22e6	5307	93.1	2.8	2.7	1.4
Homo_sapiens_human/GCA_001307025.1_CA_P6_CHM1_Conservative_2.5__genomic	20.61e6	26.27e6	4850	93.1	2.7	2.7	1.5
Homo_sapiens_human/GCA_001307125.1_CA_P5_P6_CHM1_Assembly_Default_5_Error_genomic	23.31e6	34.99e6	7250	93.2	2.5	2.9	1.4
Homo_sapiens_human/GCA_001420745.1_CA_P5_P6_CHM1_Assembly_Sensitive_2.5_Error_genomic	11.33e6	13.03e6	7485	93.1	2.6	2.7	1.6
Homo_sapiens_human/GCA_001420755.1_CA_P5_P6_CHM1_Assembly_Sensitive_No_Breaking_5_Error_genomic	30.94e6	36.7e6	2416	93.5	2.3	2.8	1.4
Homo_sapiens_human/GCA_001420765.1_CA_P5_P6_CHM1_Assembly_Sensitive_No_Breaking_2.5_Error_genomic	34.01e6	37.52e6	3188	89.9	4.4	4.2	1.5
Homo_sapiens_human/GCA_001421375.1_CA_P5_P6_CHM1_Assembly_Sensitive_5_Error_genomic	17.84e6	24.67e6	7253	93.2	2.4	2.9	1.5
Homo_sapiens_human/GCA_001483585.1_hirise_NA12878_merac_L1_L2_50__genomic	7212356	10.6e6	122496	90.9	5.1	3.1	0.9
Homo_sapiens_human/GCA_001483605.1_hirise_NA12878_merac_L1_L2_L3_genomic	42.79e6	44.54e6	111951	91.6	4.3	3.2	0.9
Homo_sapiens_human/GCA_001483655.1_NA12878_merac_PE_MP_Fos_genomic	9028738	10.88e6	13252	92.3	3.7	3.1	0.9
Homo_sapiens_human/GCA_001483685.1_hirise_NA12878_merac_L1_L2_genomic	15.19e6	21.98e6	117667	91.5	4.4	3.2	0.9
Homo_sapiens_human/GCA_001500185.1_NA12878_merac_PE_genomic	33743	44900	264454	56.3	30.5	12.6	0.6
Homo_sapiens_human/GCA_001500205.1_hirise_NA12878_discovar_L1_L2_genomic	23.7e6	28.72e6	829027	93.1	2.9	2.8	1.2
Homo_sapiens_human/GCA_001517065.1_NA12878_discovar_genomic	195564	247480	858918	86.1	8.6	4.0	1.3
Homo_sapiens_human/GCA_001524155.4_NA19240_prelim_3.0_genomic	149.4e6	145.5e6	1741	93.0	2.9	2.9	1.2
Homo_sapiens_human/GCA_001542345.1_GIAB_Ashkenazim_Son_HG002_NA24385_huAA53E0_PacBio_Assembly_with_PBcR_genomic	4525162	7025446	12302	93.4	2.9	2.5	1.2
Homo_sapiens_human/GCA_001549595.1_GIAB_Ashkenazim_Mother_HG004_NA24143_hu8E87A9_PacBio_Assembly_with_PBcR_genomic	1039719	1565112	15777	91.1	4.2	3.3	1.4
Homo_sapiens_human/GCA_001549605.1_GIAB_Ashkenazim_Father_HG003_NA24149_hu6E4515_PacBio_Assembly_with_PBcR_genomic	916048	1433755	22650	90.1	5.1	3.2	1.6
Homo_sapiens_human/GCA_001708065.2_HX1_1.1_genomic	23.01e6	27.84e6	5323	91.8	3.7	3.1	1.4
Homo_sapiens_human/GCA_001712695.1_KOREF1.0_genomic	146.6e6	143.7e6	63770	92.8	3.1	3.0	1.1
Homo_sapiens_human/GCA_001750385.2_AK1_v2_genomic	43.15e6	46.82e6	2832	93.6	2.5	2.7	1.2
Homo_sapiens_human/GCA_001856745.1_ASM185674v1_genomic	8583694	14.24e6	4456	92.2	3.4	2.6	1.8
Homo_sapiens_human/GCA_002008905.1_NA19240_Illumina_1.0_genomic	1588824	2051897	854722	92.9	3.0	2.7	1.4
Homo_sapiens_human/GCA_002009925.1_AK1_Haplotigs_v1_genomic	881667	1774003	18969	47.4	3.6	4.6	44.4
Homo_sapiens_human/GCA_002022525.1_10x.supernova.msHG00512_genomic	15.26e6	21.3e6	44810	11.8	4.1	4.8	79.3
Homo_sapiens_human/GCA_002022805.1_10x.supernova.msNA19238_genomic	18.35e6	22.68e6	46030	11.7	4.5	4.8	79.0
Homo_sapiens_human/GCA_002022825.1_10x.supernova.msHGP_genomic	17.02e6	23.53e6	47460	11.9	3.9	5.1	79.1
Homo_sapiens_human/GCA_002022845.1_10x.supernova.msNA12878_genomic	16.13e6	21.77e6	43100	11.4	4.1	4.8	79.7
Homo_sapiens_human/GCA_002022865.1_10x.supernova.msHG00733_genomic	29.56e6	38.67e6	1110	45.0	3.7	50.4	0.9
Homo_sapiens_human/GCA_002022975.1_10x.supernova.msNA19240_genomic	15.92e6	20.73e6	46971	11.9	4.3	4.7	79.1
Homo_sapiens_human/GCA_002023025.1_10x.supernova.msNA24385_genomic	14.84e6	18.06e6	49817	11.8	4.3	4.9	79.0
Homo_sapiens_human/GCA_002077035.3_NA12878_prelim_3.0_genomic	148e6	144.8e6	2142	92.7	3.0	3.1	1.2
Homo_sapiens_human/GCA_002180035.3_HG00514_prelim_3.0_genomic	149.9e6	144.9e6	2151	93.1	3.1	2.7	1.1
Homo_sapiens_human/GCA_002208065.1_HG00733_prelim_1.0_genomic	22.16e6	26.37e6	3580	93.5	2.7	2.6	1.2
Homo_sapiens_human/GCA_002209525.2_HG01352_prelim_2.1_genomic	21.64e6	24.95e6	3162	93.0	2.8	2.7	1.5
Homo_sapiens_human/GCA_002872155.1_NA19434_prelim_1.0_genomic	21.51e6	27.01e6	3123	93.0	2.7	2.7	1.6
Homo_sapiens_human/GCA_002884475.1_YRI_HSA_v1_genomic	6605884	8016292	3642	92.7	2.9	2.7	1.7
Homo_sapiens_human/GCA_002884485.1_CHM13_HSA_v1_genomic	29.26e6	34.07e6	1916	93.2	2.7	2.7	1.4
Homo_sapiens_human/GCA_003070785.1_HG02059_prelim_1.0_genomic	25.29e6	29.5e6	3180	92.8	3.0	2.8	1.4
Homo_sapiens_human/GCA_003086635.1_HG03486_prelim_1.0_genomic	5301524	6330076	3465	92.8	2.9	2.8	1.5
Homo_sapiens_human/GCA_003112815.1_ASM311281v1_genomic	26.78e6	36.91e6	22629	92.4	3.5	3.0	1.1
Homo_sapiens_human/GCA_003112835.1_ASM311283v1_genomic	28.79e6	31.92e6	21415	92.6	3.0	3.0	1.4
Homo_sapiens_human/GCA_003112855.1_ASM311285v1_genomic	30.64e6	33.06e6	22928	92.6	3.1	3.0	1.3
Homo_sapiens_human/GCA_003112875.1_ASM311287v1_genomic	27.68e6	31.88e6	23583	93.0	2.8	2.8	1.4
Homo_sapiens_human/GCA_003112895.1_ASM311289v1_genomic	26.82e6	32.72e6	24045	92.4	3.1	2.8	1.7
Homo_sapiens_human/GCA_003112915.1_ASM311291v1_genomic	24.68e6	24.3e6	21964	92.2	3.2	3.1	1.5
Homo_sapiens_human/GCA_003112935.1_ASM311293v1_genomic	43.72e6	46.18e6	71	71.1	4.1	23.7	1.1
Homo_sapiens_human/GCA_003112955.1_ASM311295v1_genomic	29.93e6	37.99e6	22633	92.0	3.2	2.8	2.0
Homo_sapiens_human/GCA_003112975.1_ASM311297v1_genomic	37.74e6	39.16e6	21472	92.5	3.4	2.6	1.5
Homo_sapiens_human/GCA_003113115.1_ASM311311v1_genomic	32.6e6	37.74e6	20188	92.4	3.4	2.8	1.4
Homo_sapiens_human/GCA_003113175.1_ASM311317v1_genomic	30.91e6	34.1e6	21996	92.1	3.2	3.0	1.7
Homo_sapiens_human/GCA_003113215.1_ASM311321v1_genomic	27.43e6	29.98e6	21576	92.7	3.2	2.7	1.4
Homo_sapiens_human/GCA_003113235.1_ASM311323v1_genomic	26.35e6	34.03e6	26766	91.0	3.3	2.8	2.9
Homo_sapiens_human/GCA_003382745.1_ASM338274v1_genomic	15.24e6	21.28e6	43213	11.3	4.5	4.7	79.5
Homo_sapiens_human/GCA_003384065.1_ASM338406v1_genomic	18.65e6	23.88e6	45503	11.4	4.9	4.8	78.9
Homo_sapiens_human/GCA_003384745.1_ASM338474v1_genomic	18.07e6	22.89e6	47409	11.1	4.5	4.4	80.0
Homo_sapiens_human/GCA_003391435.1_ASM339143v1_genomic	39.36e6	40.27e6	474	12.5	2.1	85.1	0.3
Homo_sapiens_human/GCA_003391465.1_ASM339146v1_genomic	20.99e6	23.33e6	47405	11.9	4.5	4.8	78.8
Homo_sapiens_human/GCA_003391495.1_ASM339149v1_genomic	39.07e6	39.75e6	565	13.5	2.2	84.2	0.1
Homo_sapiens_human/GCA_003391525.1_ASM339152v1_genomic	16.54e6	22.47e6	43374	11.7	4.4	4.7	79.2
Homo_sapiens_human/GCA_003391555.1_ASM339155v1_genomic	17.93e6	21.56e6	40697	11.9	4.3	4.9	78.9
Homo_sapiens_human/GCA_003391745.1_ASM339174v1_genomic	14.98e6	17.58e6	48417	11.5	4.9	4.6	79.0
Homo_sapiens_human/GCA_003391775.1_ASM339177v1_genomic	17.64e6	20.69e6	44286	11.6	4.6	4.6	79.2
Homo_sapiens_human/GCA_003391825.1_ASM339182v1_genomic	16.81e6	21.17e6	46168	11.7	4.5	4.7	79.1
Homo_sapiens_human/GCA_003391855.1_ASM339185v1_genomic	22.98e6	25.34e6	43173	11.4	4.5	5.0	79.1
Homo_sapiens_human/GCA_003391885.1_ASM339188v1_genomic	15.85e6	20.92e6	45559	11.6	4.0	5.1	79.3
Homo_sapiens_human/GCA_003391915.1_ASM339191v1_genomic	16.09e6	20.78e6	48365	12.0	4.2	5.1	78.7
Homo_sapiens_human/GCA_003574075.1_HG02818_prelim_1.0_genomic	22.5e6	27.37e6	3267	93.1	2.7	2.8	1.4
Homo_sapiens_human/GCA_003601015.1_HG03807_prelim_1.0_genomic	8420670	10.83e6	3103	92.8	2.8	3.0	1.4
Homo_sapiens_human/GCA_003634875.1_HG00733_Phased_Diploid_genomic	152.5e6	145.7e6	566	15.0	5.3	6.0	73.7
Homo_sapiens_human/GCA_900232925.1_Nanopore-only_assembly_with_Illumina_polishing_genomic	7667013	10.71e6	2337	92.3	3.3	3.0	1.4
Hucho_hucho_huchen/GCA_003317085.1_ASM331708v1_genomic	4140230	3627399	2	0.7	0.2	99.1	0.0
Hyaena_hyaena_striped_hyena/GCA_003009895.1_ASM300989v1_genomic	1997812	2705654	5760	95.6	2.1	1.4	0.9
Ictalurus_punctatus_channel_catfish/GCA_001660625.1_IpCoco_1.2_genomic	27.07e6	26.65e6	9340	94.0	2.3	1.4	2.3
Ictidomys_tridecemlineatus_thirteen-lined_ground_squirrel/GCA_000181315.1_ASM18131v1_genomic	2750	5002	797481	7.5	30.7	61.4	0.4
Ictidomys_tridecemlineatus_thirteen-lined_ground_squirrel/GCA_000236235.1_SpeTri2.0_genomic	8077729	11.98e6	12483	90.3	4.4	4.3	1.0
Jaculus_jaculus_lesser_Egyptian_jerboa/GCA_000280705.1_JacJac1.0_genomic	20.21e6	25.01e6	10897	89.4	5.3	3.1	2.2
Junco_hyemalis_dark-eyed_junco/GCA_003829775.1_ASM382977v1_genomic	69.58e6	72.99e6	4457	92.3	2.4	5.0	0.3
Kryptolebias_marmoratus_mangrove_rivulus/GCA_001649575.1_ASM164957v1_genomic	2200316	3052603	3072	95.5	2.3	1.1	1.1
Kryptolebias_marmoratus_mangrove_rivulus/GCA_001663955.1_ASM166395v1_genomic	110363	194225	40757	87.4	9.6	2.1	0.9
Labeotropheus_fuelleborni_blue_mbuna/GCA_000150875.1_ASM15087v1_genomic	1179	1581	58245	0.2	4.5	95.3	0.0
Labrus_bergylta_ballan_wrasse/GCA_900080235.1_BallGen_V1_genomic	794648	1163452	13466	91.4	2.4	1.7	4.5
Lacerta_bilineata_lizards/GCA_900245895.1_L._bilineata_genome_assembly_genomic	368212	454681	7510	93.0	3.9	1.9	1.2
Lacerta_viridis_green_lizard/GCA_900245905.1_ASM90024590v1_genomic	662519	808473	4737	94.4	2.3	1.6	1.7
Laemonema_laureysi_bony_fishes/GCA_900303225.1_ASM90030322v1_genomic	4696	6918	86525	50.8	33.2	15.3	0.7
Lagenorhynchus_obliquidens_Pacific_white-sided_dolphin/GCA_003676395.1_ASM367639v1_genomic	28.28e6	40.34e6	5421	91.6	3.6	3.1	1.7
Lampris_guttatus_opah/GCA_900302545.1_ASM90030254v1_genomic	5212	6844	208230	40.2	40.1	19.0	0.7
Lamprogrammus_exutus_bony_fishes/GCA_900312555.1_ASM90031255v1_genomic	5465	7360	120937	47.6	38.6	13.0	0.8
Larimichthys_crocea_large_yellow_croaker/GCA_000742935.1_ASM74293v1_genomic	483469	671034	10265	96.0	2.2	0.8	1.0
Larimichthys_crocea_large_yellow_croaker/GCA_000972845.2_L_crocea_2.0_genomic	27e6	28.18e6	9998	97.3	0.9	0.6	1.2
Larimichthys_crocea_large_yellow_croaker/GCA_003711585.1_ASM371158v1_genomic	19.99e6	17.49e6	599	46.5	32.3	18.4	2.8
Larimichthys_crocea_large_yellow_croaker/GCA_003845795.1_ASM384579v1_genomic	27.85e6	26.55e6	1053	86.7	7.1	3.3	2.9
Larimichthys_crocea_large_yellow_croaker/GCA_900246015.1_Larimichthys_crocea_chromosome_1.0_genomic	19.94e6	17.46e6	599	67.4	18.8	10.2	3.6
Lates_calcarifer_barramundi_perch/GCA_001010145.1_ASM101014v1_genomic	310591	401985	22775	95.9	2.4	0.7	1.0
Lates_calcarifer_barramundi_perch/GCA_001640805.1_ASM164080v1_genomic	1191266	3083453	3807	94.4	1.3	0.7	3.6
Lates_calcarifer_barramundi_perch/GCA_900066035.1_ASB_HGAPassembly_v1_genomic	1191266	3083453	3807	94.4	1.3	0.7	3.6
Lates_calcarifer_barramundi_perch/GCA_900066045.1_ASB_FALCONassembly_v1_genomic	1921842	3161549	1422	95.1	1.4	1.2	2.3
Latimeria_chalumnae_coelacanth/GCA_000225785.1_LatCha1_genomic	765569	1186485	22818	86.4	8.2	4.4	1.0
Latimeria_chalumnae_coelacanth/GCA_000325985.2_LatCha_J1.0_genomic	320185	399661	37861	81.3	11.8	5.9	1.0
Lepidothrix_coronata_blue-crowned_manakin/GCA_001604755.1_Lepidothrix_coronata-1.0_genomic	5009294	5687606	4612	96.7	1.9	0.9	0.5
Lepisosteus_oculatus_spotted_gar/GCA_000242695.1_LepOcu1_genomic	47.4e6	40.63e6	1925	93.5	3.6	2.1	0.8
Leptonychotes_weddellii_Weddell_seal/GCA_000349705.1_LepWed1.0_genomic	738278	1263068	16710	79.9	13.8	4.6	1.7
Leptosomus_discolor_cuckoo_roller/GCA_000691785.1_ASM69178v1_genomic	62846	83444	57160	81.7	14.2	3.8	0.3
Lesueurigobius_sanzi_Sanzo's_goby/GCA_900303255.1_ASM90030325v1_genomic	11496	18996	130360	56.0	27.0	16.0	1.0
Lethenteron_camtschaticum_Arctic_lamprey/GCA_000466285.1_LetJap1.0_genomic	923564	1713117	86125	59.6	12.3	26.5	1.6
Leuciscus_waleckii_Amur_ide/GCA_900092035.1_Amur_ide_genome_genomic	21.6e6	18.3e6	4888	68.8	19.7	10.4	1.1
Leucoraja_erinacea_little_skate/GCA_000238235.1_LER_WGS_1_genomic	1200	1616	2962366	6.4	22.0	71.4	0.2
Limosa_lapponica_baueri_bar-tailed_godwit/GCA_002844005.1_Godwit_v1_genomic	352808	819004	32319	60.2	20.8	18.6	0.4
Lipotes_vexillifer_Yangtze_River_dolphin/GCA_000442215.1_Lipotes_vexillifer_v1_genomic	2398964	2949027	30712	91.8	2.9	3.2	2.1
Lonchura_striata_domestica_Bengalese_finch/GCA_002197715.1_LonStrDom1_genomic	2991276	3773773	3015	96.7	1.3	0.9	1.1
Lota_lota_burbot/GCA_900302385.1_ASM90030238v1_genomic	4877	6973	106616	43.9	34.9	20.7	0.5
Loxodonta_africana_African_savanna_elephant/GCA_000001905.1_Loxafr3.0_genomic	47.87e6	52.66e6	2352	94.0	3.2	2.1	0.7
Lycaon_pictus_African_hunting_dog/GCA_001883655.1_LycPicKen1.0_genomic	58.15e6	61.99e6	813	92.4	4.4	2.3	0.9
Lycaon_pictus_African_hunting_dog/GCA_001887905.1_LycPicSAfr1.0_genomic	60.57e6	63.51e6	803	93.7	3.1	2.3	0.9
Lyrurus_tetrix_tetrix_black_grouse/GCA_000586395.1_tetTet1_genomic	1361	1623	971998	4.5	23.6	71.9	0.0
Macaca_fascicularis_crab-eating_macaque/GCA_000222185.1_MacFas_Jun2011_genomic	133.6e6	137.4e6	21	89.9	5.0	4.1	1.0
Macaca_fascicularis_crab-eating_macaque/GCA_000230815.1_CE_1.0_genomic	122.6e6	118.8e6	39921	87.6	5.8	5.4	1.2
Macaca_fascicularis_crab-eating_macaque/GCA_000364345.1_Macaca_fascicularis_5.0_genomic	144.4e6	141.6e6	7600	88.9	4.2	5.1	1.8
Macaca_fuscata_fuscata_Japanese_macaque/GCA_003118495.1_macFus_1.0_genomic	94956	128956	90905	70.8	19.5	6.0	3.7
Macaca_mulatta_Rhesus_monkey/GCA_000002255.2_Mmul_051212_genomic	137e6	130e6	122163	84.8	7.4	6.3	1.5
Macaca_mulatta_Rhesus_monkey/GCA_000230795.1_CR_1.0_genomic	132e6	132.3e6	34102	91.9	3.6	3.0	1.5
Macaca_mulatta_Rhesus_monkey/GCA_000772875.3_Mmul_8.0.1_genomic	140.5e6	129.1e6	284727	91.8	3.1	3.4	1.7
Macaca_nemestrina_pig-tailed_macaque/GCA_000956065.1_Mnem_1.0_genomic	15.28e6	17.87e6	9733	92.8	3.5	2.2	1.5
Maccullochella_peelii_Murray_cod/GCA_002120245.1_mcod_v1_genomic	110493	148851	18198	92.4	5.6	0.8	1.2
Macropus_eugenii_tammar_wallaby/GCA_000004035.1_Meug_1.1_genomic	30040	39067	277711	41.0	26.1	32.2	0.7
Macrourus_berglax_onion-eye_grenadier/GCA_900302365.1_ASM90030236v1_genomic	4278	9000	118318	36.9	35.7	24.4	3.0
Malaclemys_terrapin_terrapin_diamondback_terrapin/GCA_001728815.2_terp_v2_2_genomic	437266	636585	21684	84.1	10.7	4.2	1.0
Manacus_vitellinus_golden-collared_manakin/GCA_000692015.2_ASM69201v2_genomic	2518472	3308293	92755	95.2	3.3	1.1	0.4
Manacus_vitellinus_golden-collared_manakin/GCA_001715985.2_ASM171598v2_genomic	16.65e6	23.19e6	15315	94.4	2.2	1.2	2.2
Mandrillus_leucophaeus_drill/GCA_000951045.1_Mleu.le_1.0_genomic	6587631	7773139	115	3.0	0.4	96.6	0.0
Manis_javanica_Malayan_pangolin/GCA_001685135.1_ManJav1.0_genomic	213514	287597	80669	86.3	8.4	4.5	0.8
Manis_pentadactyla_Chinese_pangolin/GCA_000738955.1_M_pentadactyla-1.1.1_genomic	114575	155323	92772	76.1	12.6	10.4	0.9
Marmota_flaviventris_yellow-bellied_marmot/GCA_003676075.1_ASM367607v1_genomic	17.43e6	20.14e6	32915	92.8	2.2	3.0	2.0
Marmota_marmota_marmota_Alpine_marmot/GCA_001458135.1_marMar2.1_genomic	30.06e6	33.52e6	14543	92.4	2.8	2.9	1.9
Mastacembelus_armatus_zig-zag_eel/GCA_900324485.1_fMasArm1.1_genomic	24.25e6	23.85e6	125	97.1	1.0	0.9	1.0
Maylandia_zebra_zebra_mbuna/GCA_000238955.5_M_zebra_UMD2a_genomic	32.66e6	29.14e6	1690	95.5	1.1	0.8	2.6
Mchenga_conophoros_bony_fishes/GCA_000150855.1_ASM15085v1_genomic	1302	1654	61923	0.5	5.1	94.4	0.0
Megaderma_lyra_Indian_false_vampire/GCA_000465345.1_ASM46534v1_genomic	16834	22607	192872	43.3	34.6	21.9	0.2
Melanochromis_auratus_golden_mbuna/GCA_000150895.1_ASM15089v1_genomic	1045	1426	63297	0.3	5.5	94.2	0.0
Melanogrammus_aeglefinus_haddock/GCA_900291075.1_MAEA_1_genomic	203356	267082	8420	90.6	4.9	2.8	1.7
Melanogrammus_aeglefinus_haddock/GCA_900302525.1_ASM90030252v1_genomic	3690	5156	123841	39.2	38.9	21.3	0.6
Melanonus_zugmayeri_arrowtail/GCA_900302345.1_ASM90030234v1_genomic	7601	10326	82409	52.3	33.4	13.8	0.5
Meleagris_gallopavo_turkey/GCA_000146605.3_Turkey_5.0_genomic	63.88e6	73.86e6	231286	93.9	3.7	1.9	0.5
Melopsittacus_undulatus_budgerigar/GCA_000238935.1_Melopsittacus_undulatus_6.3_genomic	11.2e6	13.66e6	25211	92.7	4.6	2.4	0.3
Meriones_unguiculatus_Mongolian_gerbil/GCA_002204375.1_MunDraft-v1.0_genomic	382081	651066	68792	91.5	3.8	2.5	2.2
Merlangius_merlangus_whiting/GCA_900323355.1_ASM90032335v1_genomic	4431	6140	122642	39.3	39.3	20.7	0.7
Merluccius_capensis_shallow-water_Cape_hake/GCA_900312945.1_ASM90031294v1_genomic	4761	6384	110925	42.0	38.5	19.0	0.5
Merluccius_merluccius_European_hake/GCA_900312545.1_ASM90031254v1_genomic	5094	6726	102914	39.2	38.1	22.4	0.3
Merluccius_polli_Benguela_hake/GCA_900312625.1_ASM90031262v1_genomic	4468	5891	113894	34.8	41.5	23.4	0.3
Merops_nubicus_carmine_bee-eater/GCA_000691845.1_ASM69184v1_genomic	48276	66502	53499	75.9	18.8	5.0	0.3
Mesitornis_unicolor_brown_roatelo/GCA_000695765.1_ASM69576v1_genomic	47338	62618	67520	81.1	15.0	3.5	0.4
Mesocricetus_auratus_golden_hamster/GCA_000349665.1_MesAur1.0_genomic	10.84e6	14.97e6	21483	88.2	7.3	3.8	0.7
Microcebus_murinus_gray_mouse_lemur/GCA_000165445.3_Mmur_3.0_genomic	105.5e6	94.68e6	7677	93.0	2.4	2.1	2.5
Micropterus_floridanus_Florida_bass/GCA_002592385.1_ASM259238v1_genomic	11136	16872	249768	70.6	24.7	3.4	1.3
Microtus_agrestis_short-tailed_field_vole/GCA_001305995.1_ASM130599v1_genomic	679346	877763	230202	82.5	9.9	7.1	0.5
Microtus_ochrogaster_prairie_vole/GCA_000317375.1_MicOch1.0_genomic	53.67e6	52.81e6	6335	93.7	2.6	2.3	1.4
Miichthys_miiuy_Mi-iuy_croaker/GCA_001593715.1_ASM159371v1_genomic	1246909	3016277	6294	88.6	4.8	4.0	2.6
Miniopterus_natalensis_bats/GCA_001595765.1_Mnat.v1_genomic	4220376	5674145	1269	95.3	2.0	1.8	0.9
Mixornis_gularis_Striped_tit-babbler/GCA_003546035.1_ASM354603v1_genomic	2870892	3955118	9542	95.6	2.2	1.6	0.6
Mola_mola_ocean_sunfish/GCA_001698575.1_ASM169857v1_genomic	8624046	11.82e6	5552	95.3	2.1	1.3	1.3
Molva_molva_ling/GCA_900323295.1_ASM90032329v1_genomic	5251	7473	111875	49.5	35.2	14.6	0.7
Monocentris_japonicus_pineconefish/GCA_900323365.1_ASM90032336v1_genomic	18614	25945	52108	73.6	21.2	4.4	0.8
Monodelphis_domestica_gray_short-tailed_opossum/GCA_000002295.1_ASM229v1_genomic	515.1e6	454.8e6	5137	84.4	7.2	6.9	1.5
Monopterus_albus_swamp_eel/GCA_001952655.1_M_albus_1.0_genomic	2053511	2804663	20621	95.3	2.2	1.3	1.2
Mora_moro_bony_fishes/GCA_900303205.1_Mora_mora_assembly_genomic	4413	6293	100621	46.3	35.9	17.3	0.5
Morone_chrysops_white_bass/GCA_003610055.1_DOM152_MoChry_1.0_genomic	53489	71994	84096	86.5	10.6	1.7	1.2
Morone_saxatilis_striped_sea-bass/GCA_001663605.1_SBDraft1_genomic	29981	39881	35012	78.2	15.0	5.6	1.2
Muraenolepis_marmoratus_marbled_moray_cod/GCA_900302325.1_ASM90030232v1_genomic	3549	4933	138928	40.1	39.2	20.3	0.4
Mus_caroli_Ryukyu_mouse/GCA_900094665.2_CAROLI_EIJ_v1.1_genomic	111.2e6	115.1e6	3162	93.5	2.2	2.5	1.8
Mus_musculus_castaneus_southeastern_Asian_house_mouse/GCA_001624445.1_CAST_EiJ_v1_genomic	115.7e6	119.7e6	2977	94.6	2.4	2.1	0.9
Mus_musculus_domesticus_western_European_house_mouse/GCA_001624835.1_WSB_EiJ_v1_genomic	115.1e6	118.6e6	2239	94.6	2.5	2.0	0.9
Mus_musculus_house_mouse/GCA_000001635.8_GRCm38.p6_genomic	127.1e6	129.9e6	239	90.8	2.2	1.8	5.2
Mus_musculus_house_mouse/GCA_000002165.1_Mm_Celera_genomic	114.3e6	101.1e6	668009	92.2	3.2	2.9	1.7
Mus_musculus_house_mouse/GCA_000181195.1_ASM18119v1_genomic	24821	30813	224713	59.8	28.7	9.7	1.8
Mus_musculus_house_mouse/GCA_000185105.2_MmusALLPATHS2_genomic	16.95e6	21.54e6	2314	91.6	3.9	2.9	1.6
Mus_musculus_house_mouse/GCA_000185125.1_MmusSOAP1_genomic	335876	460360	41268	90.2	5.8	3.2	0.8
Mus_musculus_house_mouse/GCA_000350445.1_mm129svJae1.0_genomic	6370149	8003706	9129	93.3	3.1	2.0	1.6
Mus_musculus_house_mouse/GCA_000389885.1_MSM_WGSv1_genomic	1253	1536	1237600	3.3	21.5	75.2	0.0
Mus_musculus_house_mouse/GCA_001624185.1_129S1_SvImJ_v1_genomic	116.9e6	120.1e6	7154	91.1	4.3	3.4	1.2
Mus_musculus_house_mouse/GCA_001624215.1_A_J_v1_genomic	118.6e6	121.7e6	4688	91.4	4.0	3.4	1.2
Mus_musculus_house_mouse/GCA_001624295.1_AKR_J_v1_genomic	118.6e6	121.9e6	5953	94.5	2.4	1.9	1.2
Mus_musculus_house_mouse/GCA_001624475.1_CBA_J_v1_genomic	117.4e6	120.7e6	5466	94.5	2.4	2.1	1.0
Mus_musculus_house_mouse/GCA_001624505.1_DBA_2J_v1_genomic	116.7e6	120.1e6	4105	95.0	2.4	1.8	0.8
Mus_musculus_house_mouse/GCA_001624535.1_FVB_NJ_v1_genomic	116.9e6	119.8e6	5013	95.1	2.3	1.6	1.0
Mus_musculus_house_mouse/GCA_001624675.1_NOD_ShiLtJ_v1_genomic	116.1e6	119.2e6	5544	94.0	2.7	2.1	1.2
Mus_musculus_house_mouse/GCA_001624745.1_NZO_HlLtJ_v1_genomic	117.5e6	120.9e6	7022	94.5	2.6	1.7	1.2
Mus_musculus_house_mouse/GCA_001632525.1_BALB_cJ_v1_genomic	118e6	121.4e6	3825	94.5	2.5	1.9	1.1
Mus_musculus_house_mouse/GCA_001632555.1_C57BL_6NJ_v1_genomic	117e6	121.2e6	3894	90.6	4.4	3.9	1.1
Mus_musculus_house_mouse/GCA_001632575.1_C3H_HeJ_v1_genomic	117.2e6	120.9e6	4069	94.5	2.6	1.8	1.1
Mus_musculus_house_mouse/GCA_001632615.1_LP_J_v1_genomic	116.3e6	119.9e6	3499	94.2	2.7	2.1	1.0
Mus_musculus_house_mouse/GCA_003774525.2_ASM377452v2_genomic	1060443	1406979	12661	92.7	2.8	2.3	2.2
Mus_musculus_musculus_eastern_European_house_mouse/GCA_001624775.1_PWK_PhJ_v1_genomic	117.7e6	121.3e6	3140	94.5	2.6	2.1	0.8
Mus_pahari_shrew_mouse/GCA_900095145.2_PAHARI_EIJ_v1.1_genomic	100.6e6	102.8e6	2581	93.9	2.4	2.3	1.4
Mus_spicilegus_steppe_mouse/GCA_003336285.1_MUSP714_genomic	2132605	2613961	37536	93.1	2.6	2.3	2.0
Mus_spretus_western_wild_mouse/GCA_001624865.1_SPRET_EiJ_v1_genomic	118.3e6	121.7e6	5404	94.2	2.2	2.6	1.0
Mustela_putorius_furo_domestic_ferret/GCA_000215625.1_MusPutFur1.0_genomic	9077433	12.79e6	7782	94.3	2.6	2.1	1.0
Mustela_putorius_furo_domestic_ferret/GCA_000239315.1_MusPutFurMale1.0_genomic	9400665	11.88e6	4245	93.2	3.7	2.1	1.0
Myodes_glareolus_Bank_vole/GCA_001305785.1_ASM130578v1_genomic	277641	402844	367242	80.8	12.3	6.4	0.5
Myotis_brandtii_Brandt's_bat/GCA_000412655.1_ASM41265v1_genomic	3152670	4415721	169750	87.6	5.8	4.0	2.6
Myotis_davidii_bats/GCA_000327345.1_ASM32734v1_genomic	3356212	4362908	101769	90.0	5.6	3.2	1.2
Myotis_lucifugus_little_brown_bat/GCA_000147115.1_Myoluc2.0_genomic	4251547	9043853	11654	87.5	4.3	4.6	3.6
Myoxocephalus_scorpius_shorthorn_sculpin/GCA_900312955.1_ASM90031295v1_genomic	9445	13416	85863	57.5	29.4	12.4	0.7
Myripristis_jacobus_blackbar_soldierfish/GCA_900302555.1_ASM90030255v1_genomic	21262	30913	64974	76.1	17.6	5.3	1.0
Nannopterum_auritus_double-crested_cormorant/GCA_002173455.1_ASM217345v1_genomic	1992292	2501876	27523	96.8	1.4	0.6	1.2
Nannopterum_brasilianus_Neotropic_cormorant/GCA_002174335.1_ASM217433v1_genomic	91103	270389	266364	86.9	9.0	2.9	1.2
Nannopterum_harrisi_Galapagos_flightless_cormorant/GCA_002173475.1_Pharrisi_ref_V1_genomic	4604470	6175204	2651	98.1	0.9	0.6	0.4
Nannospalax_galili_Upper_Galilee_mountains_blind_mole_rat/GCA_000622305.1_S.galili_v1.0_genomic	3536414	4542805	154975	92.7	3.5	2.9	0.9
Nanorana_parkeri_frogs_&amp;_toads/GCA_000935625.1_ASM93562v1_genomic	1062308	1403469	25187	84.3	8.7	5.7	1.3
Nasalis_larvatus_proboscis_monkey/GCA_000772465.1_Charlie1.0_genomic	101.1e6	96.12e6	319549	65.5	18.8	14.7	1.0
Neolamprologus_brichardi_lyretail_cichlid/GCA_000239395.1_NeoBri1.0_genomic	4102114	6138734	9098	91.6	5.0	2.3	1.1
Neomonachus_schauinslandi_Hawaiian_monk_seal/GCA_002201575.1_ASM220157v1_genomic	28.52e6	32.48e6	7872	93.2	3.0	1.8	2.0
Neoniphon_sammara_Sammara_squirrelfish/GCA_900302535.1_ASM90030253v1_genomic	21688	29974	56655	71.3	20.0	7.6	1.1
Neophocaena_asiaeorientalis_asiaeorientalis_Yangtze_finless_porpoise/GCA_003031525.1_Neophocaena_asiaeorientalis_V1_genomic	6361996	8053212	13698	93.2	2.9	2.6	1.3
Neotoma_lepida_desert_woodrat/GCA_001675575.1_ASM167557v1_genomic	135890	395468	119373	77.5	12.7	8.6	1.2
Neovison_vison_American_mink/GCA_900108605.1_NNQGG.v01_genomic	6570989	8634017	7175	94.3	2.9	1.7	1.1
Nestor_notabilis_Kea/GCA_000696875.1_ASM69687v1_genomic	61610	81427	42180	83.6	13.2	2.9	0.3
Nipponia_nippon_crested_ibis/GCA_000708225.1_ASM70822v1_genomic	5252144	6650574	59554	93.9	3.7	2.0	0.4
Nomascus_leucogenys_northern_white-cheeked_gibbon/GCA_000146795.3_Nleu_3.0_genomic	109.5e6	105.3e6	17492	89.9	5.1	3.6	1.4
Notechis_scutatus_mainland_tiger_snake/GCA_900518725.1_TS10Xv2-PRI_genomic	5847050	9636111	52414	88.6	6.3	3.3	1.8
Nothobranchius_furzeri_turquoise_killifish/GCA_000878545.1_NotFur1_genomic	112988	143024	46717	89.4	7.2	2.4	1.0
Nothobranchius_furzeri_turquoise_killifish/GCA_001465895.2_Nfu_20140520_genomic	37.34e6	34.21e6	5896	92.3	4.5	2.0	1.2
Nothoprocta_perdicaria_birds/GCA_003342845.1_notPer1_genomic	3347226	4566430	2217	97.1	1.7	0.9	0.3
Notothenia_coriiceps_black_rockcod/GCA_000735185.1_NC01_genomic	220120	4348549	38656	69.9	22.0	7.3	0.8
Numida_meleagris_helmeted_guineafowl/GCA_002078875.2_NumMel1.0_genomic	96.65e6	96.28e6	2466	97.8	0.9	1.0	0.3
Ochotona_princeps_American_pika/GCA_000164825.1_ASM16482v1_genomic	53583	130706	187558	52.2	26.1	21.1	0.6
Ochotona_princeps_American_pika/GCA_000292845.1_OchPri3.0_genomic	24.27e6	27.63e6	10420	92.0	4.9	2.1	1.0
Octodon_degus_degu/GCA_000260255.1_OctDeg1.0_genomic	10.61e6	12.67e6	7134	86.4	5.2	4.6	3.8
Octomys_mimax_viscacha_rat/GCA_002564305.1_Oct_mimax_AO248_v1_genomic	5223	7335	1257804	21.0	34.9	43.8	0.3
Odobenus_rosmarus_divergens_Pacific_walrus/GCA_000321225.1_Oros_1.0_genomic	2560421	3258825	3892	92.5	2.2	2.3	3.0
Odocoileus_hemionus_sitkensis_mule_deer/GCA_003697985.1_ASM369798v1_genomic	9678	12761	358334	34.7	38.6	25.5	1.2
Odocoileus_virginianus_texanus_white-tailed_deer/GCA_002102435.1_Ovir.te_1.0_genomic	843005	1240019	17025	91.3	4.1	2.3	2.3
Odocoileus_virginianus_white-tailed_deer/GCA_000191625.1_RRL-RSL_1.0_genomic	559	645	93873	0.0	0.5	99.5	0.0
Okapia_johnstoni_okapi/GCA_001660835.1_ASM166083v1_genomic	124474	183324	837179	82.5	10.0	6.2	1.3
Oncorhynchus_kisutch_coho_salmon/GCA_002021735.1_Okis_V1_genomic	48.78e6	42.14e6	21246	55.5	7.6	5.7	31.2
Oncorhynchus_mykiss_rainbow_trout/GCA_002163495.1_Omyk_1.0_genomic	69.24e6	59.59e6	131960	56.5	6.1	3.8	33.6
Oncorhynchus_mykiss_rainbow_trout/GCA_900005705.1_AUL_PRJEB4421_v1_genomic	294285	671410	79850	53.5	10.9	9.4	26.2
Oncorhynchus_tshawytscha_Chinook_salmon/GCA_002831465.1_CHI06_genomic	42.1e6	38.22e6	102425	54.1	7.3	6.0	32.6
Oncorhynchus_tshawytscha_Chinook_salmon/GCA_002872995.1_Otsh_v1.0_genomic	46.75e6	46.02e6	14029	52.2	5.3	5.6	36.9
Ophiophagus_hannah_king_cobra/GCA_000516915.1_OphHan1.0_genomic	235719	318068	296399	86.6	8.6	4.2	0.6
Opisthocomus_hoazin_hoatzin/GCA_000692075.1_ASM69207v1_genomic	2960722	3496922	10256	91.6	5.0	3.0	0.4
Oplegnathus_fasciatus_barred_knifejaw/GCA_003416845.1_ASM341684v1_genomic	1135907	1418508	4149	97.1	1.2	0.8	0.9
Orcinus_orca_killer_whale/GCA_000331955.2_Oorc_1.1_genomic	12.09e6	14.03e6	1668	94.1	2.2	2.0	1.7
Oreochromis_niloticus_Nile_tilapia/GCA_000188235.2_Orenil1.1_genomic	25.73e6	21.97e6	5677	97.3	1.0	0.7	1.0
Oreochromis_niloticus_Nile_tilapia/GCA_001858045.3_O_niloticus_UMD_NMBU_genomic	38.84e6	40.42e6	2459	96.7	1.2	0.6	1.5
Ornithorhynchus_anatinus_platypus/GCA_000002275.2_ASM227v2_genomic	1045991	10.64e6	201524	72.3	19.0	8.1	0.6
Ornithorhynchus_anatinus_platypus/GCA_002966995.1_ASM296699v1_genomic	18.72e6	23.14e6	4568	93.0	2.8	2.8	1.4
Orycteropus_afer_afer_aardvark/GCA_000298275.1_OryAfe1.0_genomic	6587081	8682988	22508	90.3	4.8	4.0	0.9
Oryctolagus_cuniculus_rabbit/GCA_000003625.1_OryCun2.0_genomic	106.8e6	102.4e6	3241	88.6	4.1	5.3	2.0
Oryzias_latipes_Japanese_medaka/GCA_000151825.1_ASM15182v1_genomic	23829	29060	82496	47.9	35.4	16.2	0.5
Oryzias_latipes_Japanese_medaka/GCA_000313675.1_ASM31367v1_genomic	24.11e6	20.66e6	7188	93.0	3.6	2.2	1.2
Oryzias_latipes_Japanese_medaka/GCA_002234675.1_ASM223467v1_genomic	31.2e6	31.05e6	24	95.7	1.2	2.1	1.0
Oryzias_latipes_Japanese_medaka/GCA_002234695.1_ASM223469v1_genomic	32.84e6	31.58e6	24	94.5	1.5	3.0	1.0
Oryzias_latipes_Japanese_medaka/GCA_002234715.1_ASM223471v1_genomic	28.85e6	28.72e6	24	92.0	1.8	5.1	1.1
Oryzias_melastigma_Indian_medaka/GCA_002922805.1_Om_v0.7.RACA_genomic	22.91e6	20.48e6	8602	96.2	1.9	0.8	1.1
Osmerus_eperlanus_European_smelt/GCA_900302275.1_ASM90030227v1_genomic	6798	10612	73274	59.9	28.2	10.7	1.2
Otolemur_garnettii_small-eared_galago/GCA_000181295.3_OtoGar3_genomic	13.05e6	19.4e6	7793	91.8	3.8	2.9	1.5
Ovis_ammon_argali/GCA_003121645.1_O_ammon_KGZ_v1.0_genomic	71.74e6	83.09e6	41955	59.7	3.1	36.0	1.2
Ovis_aries_musimon_mouflon/GCA_000765115.1_Oori1_genomic	2143474	2801357	6173	92.0	4.0	2.4	1.6
Ovis_aries_sheep/GCA_000005525.1_Ovis_aries_1.0_genomic	43.84e6	59.64e6	1217	38.1	30.7	30.9	0.3
Ovis_aries_sheep/GCA_000298735.2_Oar_v4.0_genomic	99.25e6	130.4e6	5465	88.4	6.5	3.6	1.5
Ovis_aries_sheep/GCA_002742125.1_Oar_rambouillet_v1.0_genomic	107.7e6	141.6e6	2640	90.4	3.8	3.4	2.4
Oxygymnocypris_stewartii_bony_fishes/GCA_003573665.1_Novo_Ost_1.0_genomic	257093	855052	26281	53.9	3.6	2.2	40.3
Pagrus_major_red_seabream/GCA_002897255.1_Pmaj_1.0_genomic	7297	19074	886260	47.8	38.8	12.8	0.6
Pampus_argenteus_silver_pomfret/GCA_000697985.1_PamArg1.0_genomic	1714	2483	298139	9.9	39.1	50.8	0.2
Pangasianodon_hypophthalmus_striped_catfish/GCA_003671635.1_VN_pangasius_genomic	14.03e6	14.79e6	568	90.4	4.4	2.8	2.4
Pan_paniscus_pygmy_chimpanzee/GCA_000258655.2_panpan1.1_genomic	127.1e6	131.6e6	10274	92.7	3.2	2.9	1.2
Panthera_pardus_leopard/GCA_001857705.1_PanPar1.0_genomic	21.08e6	23.99e6	50376	95.5	2.1	1.5	0.9
Panthera_tigris_altaica_Amur_tiger/GCA_000464555.1_PanTig1.0_genomic	8734971	10.21e6	1478	92.5	4.4	2.4	0.7
Pantherophis_guttatus_snakes/GCA_001185365.1_PanGut1.0_genomic	5005	7761	883920	27.6	39.0	33.2	0.2
Pantholops_hodgsonii_chiru/GCA_000400835.1_PHO1.0_genomic	2627721	3195678	15058	87.8	3.6	4.3	4.3
Pan_troglodytes_chimpanzee/GCA_000001515.5_Pan_tro_3.0_genomic	131.7e6	127.8e6	44448	89.5	3.0	3.1	4.4
Pan_troglodytes_chimpanzee/GCA_000325845.1_ASM32584v1_genomic	15710	19894	361864	36.7	38.9	23.6	0.8
Pan_troglodytes_chimpanzee/GCA_002880755.3_Clint_PTRv2_genomic	130.4e6	127.2e6	4344	92.9	2.7	2.7	1.7
Papio_anubis_olive_baboon/GCA_000264685.2_Panu_3.0_genomic	139.9e6	134.7e6	63234	92.0	2.9	3.1	2.0
Parablennius_parvicornis_rock-pool_blenny/GCA_900302745.1_ASM90030274v1_genomic	16735	22541	66539	65.9	23.4	10.0	0.7
Paradisaea_raggiana_Raggiana_bird_of_paradise/GCA_003713265.1_ParRag_1.0_genomic	882832	1225649	6544	96.5	2.3	0.8	0.4
Paradisaea_rubra_red_bird_of_paradise/GCA_003713215.1_ParRub_1.0_genomic	3319682	4461497	4376	97.6	1.5	0.6	0.3
Paralichthys_olivaceus_Japanese_flounder/GCA_001904815.2_ParOli_1.1_genomic	22.94e6	22.4e6	6969	96.4	1.4	1.0	1.2
Paralichthys_olivaceus_Japanese_flounder/GCA_001970005.2_Flounder_ref_guided_V1.0_genomic	9043178	8620453	9525	92.4	4.8	1.3	1.5
Paramormyrops_kingsleyae_bony_fishes/GCA_002872115.1_PKINGS_0.1_genomic	1707338	2098418	4667	88.4	2.2	1.2	8.2
Parasudis_fraserbrunneri_bony_fishes/GCA_900302295.1_ASM90030229v1_genomic	6367	9432	156389	44.1	36.7	18.3	0.9
Paroedura_picta_lizards/GCA_003118565.1_Ppicta_assembly_v1_genomic	3942899	6196904	110906	89.1	7.0	3.2	0.7
Parotia_lawesii_Lawes's_parotia/GCA_003713295.1_ParLaw_1.0_genomic	3098303	4270456	3976	96.7	2.1	0.7	0.5
Parus_major_Great_Tit/GCA_001522545.2_Parus_major1.1_genomic	70.7e6	72.99e6	1675	97.6	1.0	1.1	0.3
Passer_domesticus_House_sparrow/GCA_001700915.1_Passer_domesticus-1.0_genomic	68.83e6	70.91e6	2301	95.7	2.3	1.5	0.5
Patagioenas_fasciata_monilis_band-tailed_pigeon/GCA_002029285.1_NIATT_ARIZONA_genomic	19.83e6	24.74e6	9784	96.7	1.9	1.1	0.3
Pelecanus_crispus_Dalmatian_pelican/GCA_000687375.1_ASM68737v1_genomic	43433	55603	63982	80.1	16.0	3.5	0.4
Pelodiscus_sinensis_Chinese_soft-shelled_turtle/GCA_000230535.1_PelSin_1.0_genomic	3382156	4092388	19903	93.5	3.8	2.2	0.5
Perca_fluviatilis_European_perch/GCA_003412525.1_UTU_Pfluv_1.1_genomic	5983222	8365737	31105	86.1	9.2	3.7	1.0
Perca_fluviatilis_European_perch/GCA_900302645.1_ASM90030264v1_genomic	5952	7815	140281	44.1	40.3	15.1	0.5
Percopsis_transmontana_sand_roller/GCA_900302285.1_ASM90030228v1_genomic	15134	20525	53197	68.7	22.9	7.5	0.9
Periophthalmodon_schlosseri_giant_mudskipper/GCA_000787095.1_PS.fa_genomic	39443	55824	46662	82.1	13.3	3.4	1.2
Periophthalmus_magnuspinnatus_bony_fishes/GCA_000787105.1_PM.fa_genomic	300717	479564	26060	92.8	4.5	1.6	1.1
Peromyscus_maniculatus_bairdii_prairie_deer_mouse/GCA_000500345.1_Pman_1.0_genomic	3905402	4848180	30921	93.3	2.4	2.1	2.2
Peromyscus_maniculatus_bairdii_prairie_deer_mouse/GCA_003704035.1_HU_Pman_2.1_genomic	110e6	109.5e6	8523	94.3	2.2	2.0	1.5
Peromyscus_polionotus_subgriseus_oldfield_mouse/GCA_003704135.1_HU_Ppol_1.3_genomic	105.2e6	108.8e6	5292	94.0	2.4	2.1	1.5
Petromyzon_marinus_sea_lamprey/GCA_000148955.1_Petromyzon_marinus-7.0_genomic	79844	225384	25005	39.8	16.8	42.6	0.8
Petromyzon_marinus_sea_lamprey/GCA_002833325.1_Pmar_germline_1.0_genomic	11.1e6	10.45e6	12061	62.8	10.9	24.7	1.6
Phaethon_lepturus_White-tailed_tropicbird/GCA_000687285.1_ASM68728v1_genomic	48055	63942	66785	83.1	12.9	3.5	0.5
Phalacrocorax_carbo_great_cormorant/GCA_000708925.1_ASM70892v1_genomic	48553	63892	64312	78.3	16.3	4.9	0.5
Phascolarctos_cinereus_koala/GCA_002099425.1_phaCin_unsw_v4.1_genomic	11.59e6	13.86e6	1906	91.9	3.5	3.2	1.4
Phascolarctos_cinereus_koala/GCA_900166895.1_phaCin_tgac_v2.0_genomic	748625	952493	796464	89.4	5.4	3.7	1.5
Phocoena_phocoena_harbor_porpoise/GCA_003071005.1_ASM307100v1_genomic	24.97e6	26.52e6	142029	90.6	5.6	2.9	0.9
Phodopus_sungorus_rodents/GCA_001707965.1_Psun0.5_genomic	2626	3424	1462128	14.9	39.3	45.7	0.1
Phoenicopterus_ruber_ruber_American_flamingo/GCA_000687265.1_ASM68726v1_genomic	38177	49923	76189	76.9	18.1	4.9	0.1
Phycis_blennoides_bony_fishes/GCA_900302315.1_ASM90030231v1_genomic	10587	15749	62684	57.5	28.1	13.9	0.5
Phycis_phycis_bony_fishes/GCA_900302335.1_ASM90030233v1_genomic	4486	6720	100771	42.7	38.1	18.5	0.7
Phylloscopus_plumbeitarsus_birds/GCA_001655115.1_GWplu1.0_genomic	7672	10410	308480	44.9	37.7	17.1	0.3
Phylloscopus_trochiloides_trochiloides_greenish_warbler/GCA_001655135.1_GWtro1.0_genomic	3802	5212	504236	28.2	42.2	29.4	0.2
Phylloscopus_trochiloides_viridanus_greenish_warbler/GCA_001655095.1_GWvir1.0_genomic	21005	28253	158605	70.6	23.0	6.2	0.2
Phylloscopus_trochilus_acredula_Willow_warbler/GCA_002305835.1_ASM230583v1_genomic	3411210	5168040	5995	96.7	1.6	1.1	0.6
Physeter_catodon_sperm_whale/GCA_000472045.1_Physeter_macrocephalus-2.0.2_genomic	420808	554433	11710	90.4	4.3	3.3	2.0
Physeter_catodon_sperm_whale/GCA_002837175.1_ASM283717v1_genomic	36.69e6	45.44e6	59237	93.1	2.5	2.1	2.3
Physeter_catodon_sperm_whale/GCA_900411695.1_PhyCat2.0_genomic	116.9e6	113.5e6	14676	90.8	4.3	2.8	2.1
Picoides_pubescens_Downy_woodpecker/GCA_000699005.1_ASM69900v1_genomic	2104364	2507663	31254	94.7	3.4	1.6	0.3
Piliocolobus_tephrosceles_Ugandan_red_Colobus/GCA_002776525.2_ASM277652v2_genomic	13.67e6	18.53e6	47449	87.2	4.1	5.6	3.1
Pimephales_promelas_fathead_minnow/GCA_000700825.1_FHM_SOAPdenovo_genomic	51933	71739	73057	74.2	16.4	6.6	2.8
Pimephales_promelas_fathead_minnow/GCA_000700965.1_FHM_SGA_genomic	21928	47663	810921	64.8	22.6	10.9	1.7
Podiceps_cristatus_great_crested_grebe/GCA_000699545.1_ASM69954v1_genomic	30132	38904	82923	71.6	21.3	6.7	0.4
Poecilia_formosa_Amazon_molly/GCA_000485575.1_Poecilia_formosa-5.1.2_genomic	1572387	2088699	3985	92.6	2.0	1.0	4.4
Poecilia_latipinna_sailfin_molly/GCA_001443285.1_P_latipinna-1.0_genomic	250987	301545	17988	93.4	2.4	1.1	3.1
Poecilia_mexicana_shortfin_molly/GCA_001443325.1_P_mexicana-1.0_genomic	254270	307022	18105	93.6	2.2	1.2	3.0
Poecilia_reticulata_guppy/GCA_000633615.2_Guppy_female_1.0_MT_genomic	28.75e6	27.43e6	2768	94.8	2.7	1.6	0.9
Pogona_vitticeps_central_bearded_dragon/GCA_900067755.1_pvi1.1_genomic	2412091	3104045	545310	94.3	3.1	2.0	0.6
Pollachius_virens_saithe/GCA_900312635.1_ASM90031263v1_genomic	4331	6131	116705	40.5	38.5	20.5	0.5
Polymixia_japonica_silver_eye/GCA_900302305.1_ASM90030230v1_genomic	9534	14062	92198	69.5	23.8	6.0	0.7
Pongo_abelii_Sumatran_orangutan/GCA_000001545.3_P_pygmaeus_2.0.2_genomic	126.5e6	119.2e6	61538	88.9	5.5	3.9	1.7
Pongo_abelii_Sumatran_orangutan/GCA_002880775.3_Susie_PABv2_genomic	131.9e6	128e6	5260	92.9	2.7	2.9	1.5
Procavia_capensis_Cape_rock_hyrax/GCA_000152225.2_Pcap_2.0_genomic	876552	1142421	65694	92.8	3.5	2.7	1.0
Prolemur_simus_greater_bamboo_lemur/GCA_003258685.1_Prosim_1.0_genomic	2666355	3358727	128596	94.2	3.1	1.5	1.2
Propithecus_coquereli_Coquerel's_sifaka/GCA_000956105.1_Pcoq_1.0_genomic	4842152	6065738	22538	85.0	8.6	5.0	1.4
Protobothrops_flavoviridis_habu/GCA_003402635.1_HabAm_1.0_genomic	465260	678464	84502	90.7	5.4	3.0	0.9
Protobothrops_mucrosquamatus_snakes/GCA_001527695.3_P.Mucros_1.0_genomic	420783	807425	52279	90.1	5.6	2.5	1.8
Psammomys_obesus_fat_sand_rat/GCA_002215935.1_ASM221593v1_genomic	76776	99546	96427	83.9	11.1	4.1	0.9
Pseudochromis_fuscus_brown_dottyback/GCA_900323345.1_ASM90032334v1_genomic	24632	35017	52042	78.9	16.8	3.4	0.9
Pseudois_nayaur_bharal/GCA_003182575.1_ASM318257v1_genomic	21390	28859	214772	63.3	23.2	12.0	1.5
Pseudonaja_textilis_eastern_brown_snake/GCA_900518735.1_EBS10Xv2-PRI_genomic	14.49e6	17.83e6	28550	92.3	3.4	2.5	1.8
Pseudopleuronectes_yokohamae_marbled_flounder/GCA_000787555.1_Pyoko_1.0_genomic	2521	3551	525502	37.1	45.4	16.9	0.6
Pseudopodoces_humilis_Tibetan_ground-tit/GCA_000331425.1_PseHum1.0_genomic	16.26e6	24.88e6	5405	98.3	0.6	0.7	0.4
Psittacula_krameri_Rose-ringed_parakeet/GCA_002870145.1_P.krameri1.0_genomic	1131429	1625974	167560	95.5	1.9	1.1	1.5
Pterocles_gutturalis_yellow-throated_sandgrouse/GCA_000699245.1_ASM69924v1_genomic	49703	66020	58607	80.4	14.8	4.3	0.5
Pterocnemia_pennata_lesser_rhea/GCA_003342835.1_rhePen1_genomic	3851800	5028393	3019	96.6	1.5	1.4	0.5
Pteronotus_parnellii_Parnell's_mustached_bat/GCA_000465405.1_ASM46540v1_genomic	22657	30703	177401	47.4	29.1	22.5	1.0
Pteropus_alecto_black_flying_fox/GCA_000325575.1_ASM32557v1_genomic	16.23e6	20.28e6	65597	95.2	2.3	2.0	0.5
Pteropus_vampyrus_large_flying_fox/GCA_000151845.2_Pvam_2.0_genomic	5672027	7914440	36094	92.9	4.1	2.3	0.7
Puma_concolor_puma/GCA_003327715.1_PumCon1.0_genomic	96.6e6	111.5e6	2174	91.2	5.0	3.3	0.5
Pundamilia_nyererei_bony_fishes/GCA_000239375.1_PunNye1.0_genomic	2512339	3024961	7236	95.6	2.1	1.1	1.2
Pungitius_pungitius_ninespine_stickleback/GCA_003399555.1_ASM339955v1_genomic	235698	502722	7847	92.7	4.4	1.9	1.0
Pygocentrus_nattereri_red-bellied_piranha/GCA_001682695.1_Pygocentrus_nattereri-1.0.2_genomic	1712626	2586454	283517	94.5	1.8	0.8	2.9
Pygoscelis_adeliae_Adelie_penguin/GCA_000699105.1_ASM69910v1_genomic	5102580	6174035	19264	94.5	3.1	2.2	0.2
Pygoscelis_adeliae_Adelie_penguin/GCA_003264635.1_ASM326463v1_genomic	5102633	6188632	1783	93.9	3.6	2.2	0.3
Pygoscelis_adeliae_Adelie_penguin/GCA_003264665.1_ASM326466v1_genomic	5102556	6188636	1783	94.1	3.2	2.4	0.3
Pygoscelis_antarcticus_chinstrap_penguin/GCA_003264555.1_ASM326455v1_genomic	5102268	6188296	1783	94.0	3.3	2.5	0.2
Pygoscelis_antarcticus_chinstrap_penguin/GCA_003264595.1_ASM326459v1_genomic	5102318	6188195	1783	94.1	3.3	2.4	0.2
Pygoscelis_papua_birds/GCA_003264615.1_ASM326461v1_genomic	5102601	6188625	1783	94.4	3.1	2.3	0.2
Pygoscelis_papua_birds/GCA_003264685.1_ASM326468v1_genomic	5102173	6188089	1783	93.7	3.6	2.5	0.2
Python_bivittatus_Burmese_python/GCA_000186305.2_Python_molurus_bivittatus-5.0.2_genomic	208482	268223	39112	91.0	5.4	2.9	0.7
Rana_catesbeiana_American_bullfrog/GCA_002284835.2_RCv2.1_genomic	34837	81936	1544635	46.8	26.7	25.6	0.9
Rattus_norvegicus_Norway_rat/GCA_000001895.4_Rnor_6.0_genomic	138.8e6	146.7e6	955	92.7	2.3	2.8	2.2
Rattus_norvegicus_Norway_rat/GCA_000002265.1_ASM226v1_genomic	117.9e6	121.5e6	392058	93.7	2.3	2.4	1.6
Regalecus_glesne_king_of_herrings/GCA_900302585.1_ASM90030258v1_genomic	9754	13562	105196	62.9	27.4	8.9	0.8
Rhamphochromis_esox_bony_fishes/GCA_000150935.1_ASM15093v1_genomic	1301	1628	55751	0.5	4.9	94.6	0.0
Rhincodon_typus_whale_shark/GCA_001642345.2_ASM164234v2_genomic	144400	199398	57333	76.1	12.5	8.8	2.6
Rhinella_marina_marine_toad/GCA_900303285.1_RM170330_genomic	167498	319216	31391	86.7	5.5	5.5	2.3
Rhinolophus_ferrumequinum_greater_horseshoe_bat/GCA_000465495.1_ASM46549v1_genomic	21105	27146	160500	60.9	26.6	12.0	0.5
Rhinolophus_sinicus_Chinese_rufous_horseshoe_bat/GCA_001888835.1_ASM188883v1_genomic	3804795	4730135	63439	92.6	2.7	2.9	1.8
Rhinopithecus_bieti_black_snub-nosed_monkey/GCA_001698545.1_ASM169854v1_genomic	2176641	2741184	105031	90.0	5.2	3.3	1.5
Rhinopithecus_roxellana_golden_snub-nosed_monkey/GCA_000769185.1_Rrox_v1_genomic	1550953	2014109	135513	91.9	3.5	2.7	1.9
Rondeletia_loricata_redmouth_whalefish/GCA_900302605.1_ASM90030260v1_genomic	7446	10386	103827	50.2	35.6	13.2	1.0
Rousettus_aegyptiacus_Egyptian_rousette/GCA_001466805.2_Raegyp2.0_genomic	2006887	2386779	2489	95.1	2.5	1.8	0.6
Saimiri_boliviensis_boliviensis_Bolivian_squirrel_monkey/GCA_000235385.1_SaiBol1.0_genomic	18.4e6	24.03e6	2685	87.9	5.9	4.3	1.9
Salmo_salar_Atlantic_salmon/GCA_000233375.4_ICSASG_v2_genomic	64.97e6	56.45e6	829971	51.3	5.8	4.5	38.4
Salvator_merianae_Argentine_black_and_white_tegu/GCA_003586115.1_HLtupMer3_genomic	27.62e6	34.28e6	5988	96.2	1.7	1.5	0.6
Salvelinus_alpinus_Arctic_char/GCA_002910315.2_ASM291031v2_genomic	41.44e6	49.06e6	10	29.4	4.0	64.9	1.7
Sarcophilus_harrisii_Tasmanian_devil/GCA_000189315.1_Devil_ref_v7.0_genomic	1770155	1927099	35974	89.6	5.2	3.8	1.4
Sarcophilus_harrisii_Tasmanian_devil/GCA_000219685.1_Devil_CABOG_asm.06_genomic	146889	263623	148774	83.1	11.4	4.2	1.3
Sardina_pilchardus_sardine/GCA_003604335.1_UP_Spi_genomic	25531	36272	45321	68.4	19.1	10.4	2.1
Sardina_pilchardus_sardine/GCA_900499035.1_SP_G_genomic	29780	516122	117259	65.5	17.0	10.8	6.7
Saxicola_maurus_maurus_Siberian_stonechat/GCA_900205225.1_Saxicola_maurus.2_genomic	10.39e6	16.16e6	2819	96.3	2.0	1.2	0.5
Scartelaos_histophorus_walking_goby/GCA_000787155.1_SH.fa_genomic	15580	23980	156044	75.7	16.6	7.0	0.7
Scleropages_formosus_Asian_bonytongue/GCA_001005745.2_aro_v2_genomic	57821	79590	42110	85.8	6.0	2.1	6.1
Scleropages_formosus_Asian_bonytongue/GCA_001624245.1_ASM162424v1_genomic	1863765	2327000	14183	89.0	1.3	1.6	8.1
Scleropages_formosus_Asian_bonytongue/GCA_001624255.1_ASM162425v1_genomic	1622645	2234226	10955	88.2	1.2	2.5	8.1
Scleropages_formosus_Asian_bonytongue/GCA_001624265.1_ASM162426v1_genomic	5729782	6406383	4818	87.6	2.4	1.6	8.4
Scophthalmus_maximus_turbot/GCA_003186165.1_ASM318616v1_genomic	24.26e6	23.99e6	22	93.2	2.9	2.9	1.0
Scyliorhinus_torazame_cloudy_catshark/GCA_003427355.1_Storazame_v1.0_genomic	215960	319266	458049	69.8	15.3	13.0	1.9
Sebastes_aleutianus_rougheye_rockfish/GCA_001910805.2_ASM191080v2_genomic	259166	412478	10489	65.2	17.5	16.3	1.0
Sebastes_minor_bony_fishes/GCA_001910765.2_ASM191076v2_genomic	7637	10014	166448	52.0	36.0	11.4	0.6
Sebastes_nigrocinctus_tiger_rockfish/GCA_000475235.3_ASM47523v3_genomic	105896	153625	15872	79.8	13.2	6.2	0.8
Sebastes_norvegicus_golden_redfish/GCA_900302655.1_ASM90030265v1_genomic	16534	22389	75627	71.8	22.1	5.2	0.9
Sebastes_rubrivinctus_flag_rockfish/GCA_000475215.1_SRub1.0_genomic	30091	39803	68206	80.2	16.2	2.7	0.9
Sebastes_steindachneri_bony_fishes/GCA_001910785.2_ASM191078v2_genomic	4373	5834	279232	29.9	45.6	23.8	0.7
Selene_dorsalis_African_moonfish/GCA_900303245.1_ASM90030324v1_genomic	32351	44087	36113	81.8	12.3	4.8	1.1
Serinus_canaria_common_canary/GCA_000534875.1_SCA1_genomic	19.89e6	32.55e6	304399	96.5	2.0	1.1	0.4
Seriola_dumerili_greater_amberjack/GCA_002260705.1_Sdu_1.0_genomic	5741963	8598380	34655	97.3	0.9	0.6	1.2
Seriola_lalandi_dorsalis_yellowtail_amberjack/GCA_002814215.1_Sedor1_genomic	1305221	1883475	99597	96.1	1.4	1.0	1.5
Seriola_lalandi_yellowtail_amberjack/GCA_003054885.1_wag_ytk_001_genomic	487657	753366	7606	86.4	9.0	3.1	1.5
Seriola_quinqueradiata_Japanese_amberjack/GCA_002207885.1_Squ_1.0_genomic	789684	1025085	74780	93.2	3.9	1.7	1.2
Seriola_quinqueradiata_Japanese_amberjack/GCA_002217815.1_Squ_2.0_genomic	5609355	8475295	384	95.9	1.7	1.4	1.0
Seriola_quinqueradiata_Japanese_amberjack/GCA_003402435.1_Haploid_YT_All_LG_ver.1_genomic	1404000	1819663	1394	97.3	1.0	0.6	1.1
Seriola_rivoliana_Almaco_jack/GCA_002994505.1_ASM299450v1_genomic	9454922	9983116	1343	95.7	1.2	1.7	1.4
Setophaga_coronata_coronata_myrtle_warbler/GCA_001746935.1_mywagenomev1.1_genomic	6051257	7629736	154686	92.4	4.8	2.3	0.5
Simochromis_diagramma_bony_fishes/GCA_900408965.1_fSimDia1.1_genomic	8959950	11.28e6	823	95.6	1.3	1.2	1.9
Sinocyclocheilus_anshuiensis_bony_fishes/GCA_001515605.1_SAMN03320099.WGS_v1.1_genomic	1219542	1547044	85681	43.7	1.6	1.2	53.5
Sinocyclocheilus_grahami_bony_fishes/GCA_001515645.1_SAMN03320097.WGS_v1.1_genomic	1151605	1545399	31276	53.5	3.7	1.4	41.4
Sinocyclocheilus_rhinocerous_bony_fishes/GCA_001515625.1_SAMN03320098_v1.1_genomic	913404	1171011	164172	44.1	1.9	1.3	52.7
Solenodon_paradoxus_woodi_Hispaniolan_solenodon/GCA_002901085.1_ASM290108v1_genomic	110894	144915	40482	85.5	10.3	3.6	0.6
Sorex_araneus_European_shrew/GCA_000181275.2_SorAra2.0_genomic	21.11e6	22.14e6	12845	92.7	3.8	2.5	1.0
Sousa_chinensis_Indo-pacific_humpbacked_dolphin/GCA_003521335.1_ASM352133v1_genomic	176628	207936	542	1.4	0.3	98.3	0.0
Sparus_aurata_gilthead_seabream/GCA_003309015.1_ASM330901v1_genomic	18.43e6	12.84e6	34642	86.7	9.8	2.2	1.3
Spermophilus_dauricus_Daurian_ground_squirrel/GCA_002406435.1_ASM240643v1_genomic	1740988	2238491	360804	89.6	3.8	3.2	3.4
Spheniscus_humboldti_Humboldt's_penguin/GCA_003264545.1_ASM326454v1_genomic	5102323	6188346	1783	91.1	5.7	3.0	0.2
Spheniscus_humboldti_Humboldt's_penguin/GCA_003264735.1_ASM326473v1_genomic	5102190	6188288	1783	91.5	5.1	3.2	0.2
Spheniscus_magellanicus_Magellanic_penguin/GCA_003264535.1_ASM326453v1_genomic	5102216	6188315	1783	94.0	3.5	2.3	0.2
Spheniscus_magellanicus_Magellanic_penguin/GCA_003264715.1_ASM326471v1_genomic	5102322	6188349	1783	94.3	3.1	2.4	0.2
Spheniscus_magellanicus_Magellanic_penguin/GCA_003264755.1_ASM326475v1_genomic	5102267	6188347	1783	94.0	3.2	2.5	0.3
Spheniscus_mendiculus_birds/GCA_003264655.1_ASM326465v1_genomic	6267042	7432001	58	3.0	0.6	96.4	0.0
Sphenodon_punctatus_tuatara/GCA_003113815.1_ASM311381v1_genomic	2762910	4311194	16536	89.2	5.8	3.8	1.2
Spondyliosoma_cantharus_black_seabream/GCA_900302685.1_ASM90030268v1_genomic	28113	37830	47064	82.8	13.8	2.5	0.9
Sporophila_hypoxantha_tawny-bellied_seedeater/GCA_002167245.1_SpoHypox2.0_genomic	8684388	14.06e6	5095	90.1	2.0	7.1	0.8
Stegastes_partitus_bicolor_damselfish/GCA_000690725.1_Stegastes_partitus-1.0.2_genomic	388269	537269	5818	96.1	1.2	0.6	2.1
Strix_occidentalis_caurina_northern_spotted_owl/GCA_002372975.1_Soccid_v01_genomic	4011148	4722925	8108	97.4	1.1	0.6	0.9
Struthio_camelus_australis_African_ostrich/GCA_000698965.1_ASM69896v1_genomic	3576541	4364512	6914	95.6	2.7	1.2	0.5
Sturnus_vulgaris_common_starling/GCA_001447265.1_Sturnus_vulgaris-1.0_genomic	3630939	4157239	2361	97.5	1.2	0.8	0.5
Stylephorus_chordatus_tube-eye/GCA_900312615.1_ASM90031261v1_genomic	4663	6072	128468	31.7	41.8	26.2	0.3
Sus_scrofa_pig/GCA_000003025.6_Sscrofa11.1_genomic	138.9e6	143.3e6	612	94.5	2.8	2.1	0.6
Sus_scrofa_pig/GCA_000325925.2_minipig_v1.0_genomic	5874672	6580611	137577	89.3	5.5	3.9	1.3
Sus_scrofa_pig/GCA_000331475.1_SscrofaMinipig_genomic	22113	28208	231585	41.4	40.7	17.5	0.4
Sus_scrofa_pig/GCA_000472085.2_Tibetan_Pig_v2_genomic	850478	1051056	72068	91.3	4.1	4.1	0.5
Sus_scrofa_pig/GCA_001292865.1_ss10.2_mar2013_genomic	119.2e6	124.6e6	5206	73.5	10.1	15.9	0.5
Sus_scrofa_pig/GCA_001700135.1_Large_White_v1_genomic	2440826	2862048	102342	94.5	2.9	1.8	0.8
Sus_scrofa_pig/GCA_001700155.1_Rongchang_pig_v1_genomic	2341973	2854430	120246	93.8	3.8	1.8	0.6
Sus_scrofa_pig/GCA_001700165.1_Hampshire_pig_v1_genomic	1548746	2069326	82206	95.1	2.9	1.5	0.5
Sus_scrofa_pig/GCA_001700195.1_Meishan_pig_v1_genomic	1246971	1548273	133833	93.5	3.7	2.1	0.7
Sus_scrofa_pig/GCA_001700215.1_Landrace_pig_v1_genomic	1406051	1844091	94659	91.4	4.1	4.1	0.4
Sus_scrofa_pig/GCA_001700235.1_Bamei_pig_v1_genomic	1529118	2004945	129335	94.0	3.4	2.0	0.6
Sus_scrofa_pig/GCA_001700255.1_Pietrain_pig_v1_genomic	1656180	2112898	88436	94.9	2.9	1.7	0.5
Sus_scrofa_pig/GCA_001700295.1_Jinhua_pig_v1_genomic	1479015	1947223	115554	94.2	3.5	1.7	0.6
Sus_scrofa_pig/GCA_001700575.1_Berkshire_pig_v1_genomic	1658228	2117100	94468	94.0	3.4	2.1	0.5
Sus_scrofa_pig/GCA_002844635.1_USMARCv1.0_genomic	135.4e6	124.5e6	14157	93.6	3.3	2.8	0.3
Symphodus_melops_corkwing_wrasse/GCA_002819105.1_ASM281910v1_genomic	461652	713597	5060	90.8	2.6	3.6	3.0
Symphodus_melops_corkwing_wrasse/GCA_900323315.1_ASM90032331v1_genomic	21220	29233	50156	74.2	18.9	5.5	1.4
Syrmaticus_mikado_Mikado_pheasant/GCA_003435085.1_NTU_Smik_1.2_genomic	11.43e6	14.21e6	71281	97.0	1.7	0.9	0.4
Tachysurus_fulvidraco_yellow_catfish/GCA_003724035.1_ASM372403v1_genomic	3643599	5421655	662	91.7	2.9	2.4	3.0
Taeniopygia_guttata_zebra_finch/GCA_000151805.2_Taeniopygia_guttata-3.2.4_genomic	62.03e6	63.58e6	37095	93.5	3.2	1.4	1.9
Taeniopygia_guttata_zebra_finch/GCA_002008985.2_Tgut_diploid_1.0_genomic	4297012	6630228	3347	20.6	1.0	0.7	77.7
Takifugu_flavidus_sansaifugu/GCA_000400755.1_version_1_of_Takifugu_flavidus_genome_genomic	335029	474949	34332	77.2	9.2	12.2	1.4
Takifugu_flavidus_sansaifugu/GCA_003711565.1_ASM371156v1_genomic	15.68e6	16.13e6	867	95.3	1.7	1.4	1.6
Takifugu_rubripes_torafugu/GCA_000180615.2_FUGU5_genomic	11.09e6	9973556	6834	94.4	2.9	1.3	1.4
Tauraco_erythrolophus_red-crested_turaco/GCA_000709365.1_ASM70936v1_genomic	56516	76380	59587	80.9	14.2	4.5	0.4
Taxidea_taxus_jeffersonii_American_badger/GCA_003697995.1_ASM369799v1_genomic	54030	85773	145161	64.7	23.5	10.7	1.1
Tenualosa_ilisha_Hilsa_shad/GCA_003651195.1_ASM365119v1_genomic	199915	338850	124209	88.9	4.2	3.0	3.9
Terrapene_mexicana_triunguis_Three-toed_box_turtle/GCA_002925995.2_T_m_triunguis-2.0_genomic	23.39e6	35.26e6	52260	84.5	3.8	1.9	9.8
Tetraodon_nigroviridis_spotted_green_pufferfish/GCA_000180735.1_ASM18073v1_genomic	667696	1098518	25773	84.0	7.8	5.0	3.2
Thamnophis_sirtalis_snakes/GCA_001077635.2_Thamnophis_sirtalis-6.0_genomic	516345	657813	7930	65.0	18.8	15.3	0.9
Theropithecus_gelada_gelada/GCA_003255815.1_Tgel_1.0_genomic	127.9e6	137.4e6	15307	92.2	2.7	2.8	2.3
Thunnus_albacares_yellowfin_tuna/GCA_900302625.1_ASM90030262v1_genomic	46877	63386	38995	84.4	12.1	2.5	1.0
Thunnus_orientalis_Pacific_bluefin_tuna/GCA_000418415.1_Thunnus_orientalis_ver_Ba_1.0_genomic	8236	10895	133062	52.1	38.0	9.2	0.7
Thunnus_thynnus_Atlantic_bluefin_tuna/GCA_003231725.1_GBYP_Tthy_1.0_genomic	3177	4304	354425	35.0	48.8	15.4	0.8
Tinamus_guttatus_white-throated_tinamou/GCA_000705375.2_ASM70537v2_genomic	248631	340688	82514	88.9	7.7	2.9	0.5
Trachinotus_ovatus_derbio/GCA_900231065.1_golden_pompano_genome_number_1_genomic	1728421	2064583	6737	96.9	1.4	0.8	0.9
Trachinotus_ovatus_derbio/GCA_900607315.1_golden_pompano_genome_assembly_version_2_genomic	29.47e6	28.43e6	138	89.8	6.1	2.7	1.4
Trachyrincus_murrayi_roughnose_grenadier/GCA_900323305.1_ASM90032330v1_genomic	19940	28128	40927	78.4	15.4	5.1	1.1
Trachyrincus_scabrus_roughsnout_grenadier/GCA_900303215.1_ASM90030321v1_genomic	6348	9028	80958	56.8	29.6	12.8	0.8
Trichechus_manatus_latirostris_Florida_manatee/GCA_000243295.1_TriManLat1.0_genomic	13.29e6	15.31e6	6322	92.2	4.1	2.9	0.8
Trisopterus_minutus_poor_cod/GCA_900302415.1_ASM90030241v1_genomic	3962	5846	106116	35.7	36.2	27.8	0.3
Tupaia_belangeri_northern_tree_shrew/GCA_000181375.1_ASM18137v1_genomic	2974	4722	841006	10.2	32.2	57.1	0.5
Tupaia_chinensis_Chinese_tree_shrew/GCA_000334495.1_TupChi_1.0_genomic	3569170	4380746	50750	89.1	5.0	3.8	2.1
Tursiops_aduncus_Indo-pacific_bottlenose_dolphin/GCA_003227395.1_ASM322739v1_genomic	1244500	1798403	16249	91.1	3.2	2.6	3.1
Tursiops_truncatus_bottlenose_dolphin/GCA_000151865.3_Ttru_1.4_genomic	111100	138697	240557	77.9	12.1	8.7	1.3
Tursiops_truncatus_bottlenose_dolphin/GCA_001922835.1_NIST_Tur_tru_v1_genomic	27.28e6	38.49e6	2647	86.3	6.8	5.7	1.2
Tursiops_truncatus_bottlenose_dolphin/GCA_003314715.1_Tur_tru_Illumina_hap_v1_genomic	27e6	29.99e6	481	90.7	3.3	3.3	2.7
Tursiops_truncatus_bottlenose_dolphin/GCA_003435595.3_Tur_tru_Illumina_phased_v1_genomic	814597	1190294	97787	34.7	8.8	5.5	51.0
Tympanoctomys_barrerae_plains_viscacha_rat/GCA_002564285.1_Tym_barrerae_AO245_v1_genomic	5293	8023	1558800	26.6	33.4	39.5	0.5
Tympanuchus_cupido_pinnatus_greater_prairie_chicken/GCA_001870855.1_T_cupido_pinnatus_GPC_3440_v1_genomic	12.11e6	16.39e6	12186	97.1	1.3	0.9	0.7
Typhlichthys_subterraneus_southern_cavefish/GCA_900302405.1_ASM90030240v1_genomic	9640	13130	84841	57.3	30.6	11.3	0.8
Tyto_alba_Barn_owl/GCA_000687205.1_ASM68720v1_genomic	53020	71477	62122	76.6	16.9	6.2	0.3
Uria_lomvia_thick-billed_guillemot/GCA_002289315.1_UriLom_1.1_genomic	15.7e6	18.27e6	9327	96.0	2.3	1.4	0.3
Urile_pelagicus_pelagic_cormorant/GCA_002173435.1_ASM217343v1_genomic	1721896	2306929	20951	97.1	1.9	0.5	0.5
Urocitellus_parryii_Arctic_ground_squirrel/GCA_003426925.1_ASM342692v1_genomic	3856636	5501779	15884	92.8	2.9	3.1	1.2
Ursus_americanus_American_black_bear/GCA_003344425.1_ASM334442v1_genomic	190091	248182	111495	86.3	9.1	3.8	0.8
Ursus_arctos_horribilis_brown_bear/GCA_003584765.1_ASM358476v1_genomic	38.57e6	40.29e6	6672	94.9	2.1	1.6	1.4
Ursus_maritimus_polar_bear/GCA_000687225.1_UrsMar_1.0_genomic	15.9e6	18.98e6	23818	93.8	3.3	2.3	0.6
Vicugna_pacos_alpaca/GCA_000164845.3_Vicugna_pacos-2.0.2_genomic	7349757	9030285	276724	94.1	3.0	2.1	0.8
Vicugna_pacos_huacaya_alpaca/GCA_000767525.1_Vi_pacos_V1.0_genomic	5285777	6982253	52275	95.7	2.0	1.3	1.0
Vipera_berus_berus_common_viper/GCA_000800605.1_Vber.be_1.0_genomic	115944	171414	28883	76.1	15.0	8.2	0.7
Vombatus_ursinus_common_wombat/GCA_900497805.1_WM_v1.0_genomic	29.37e6	36.15e6	15415	33.5	14.3	52.0	0.2
Vulpes_vulpes_red_fox/GCA_003160815.1_VulVul2.2_genomic	12.48e6	16.66e6	82423	93.9	2.3	2.1	1.7
Xenopus_laevis_African_clawed_frog/GCA_001663975.1_Xenopus_laevis_v2_genomic	128.8e6	122.1e6	108032	55.8	1.8	2.1	40.3
Xenopus_tropicalis_tropical_clawed_frog/GCA_000004195.3_Xenopus_tropicalis_v9.1_genomic	130.8e6	121.8e6	6821	91.0	4.3	3.7	1.0
Xiphophorus_couchianus_Monterrey_platyfish/GCA_001444195.3_ASM144419v3_genomic	30.51e6	29.66e6	67	97.4	1.0	0.9	0.7
Xiphophorus_hellerii_green_swordtail/GCA_001443345.1_Xiphophorus_hellerii-3.0.1_genomic	22.14e6	28.24e6	25	80.8	9.3	9.2	0.7
Xiphophorus_hellerii_green_swordtail/GCA_003331165.1_Xiphophorus_hellerii-4.0_genomic	27.85e6	28.04e6	4	18.5	1.8	79.0	0.7
Xiphophorus_maculatus_southern_platyfish/GCA_000241075.1_Xiphophorus_maculatus-4.4.2_genomic	1142565	1632950	20640	93.5	4.4	1.2	0.9
Xiphophorus_maculatus_southern_platyfish/GCA_002775205.2_X_maculatus-5.0-male_genomic	31.44e6	29.55e6	101	96.8	1.3	0.7	1.2
Zeus_faber_John_dory/GCA_900323335.1_ASM90032333v1_genomic	6313	8214	135758	51.0	37.4	10.9	0.7
Zonotrichia_albicollis_white-throated_sparrow/GCA_000385455.1_Zonotrichia_albicollis-1.0.1_genomic	4924760	8661667	6018	93.1	3.8	2.7	0.4
Zonotrichia_albicollis_white-throated_sparrow/GCA_002850735.1_WTSP-SWSv1_genomic	32885	50557	110046	73.0	19.9	6.3	0.8
Zosterops_lateralis_melanops_silver-eye/GCA_001281735.1_ASM128173v1_genomic	3503795	4370082	2933	93.6	4.3	1.7	0.4
